{
    "tags": [
        {
            "id": 0,
            "pose": {
                "position": {
                    "x": -0.3184445223319907,
                    "y": 1.1900205232656471,
                    "z": 0.8156370306723728
                },
                "orientation": {
                    "x": -0.7101131417131739,
                    "y": -0.012629691548971807,
                    "z": 0.0005773741032275405,
                    "w": 0.7039740645057664
                }
            }
        },
        {
            "id": 1,
            "pose": {
                "position": {
                    "x": -0.2669533342319219,
                    "y": 1.192574611682093,
                    "z": 0.8166095075344045
                },
                "orientation": {
                    "x": -0.3504193037875819,
                    "y": -0.11163391996761894,
                    "z": 0.28610269065668686,
                    "w": 0.8848103920302325
                }
            }
        },
        {
            "id": 2,
            "pose": {
                "position": {
                    "x": -0.3182791929836504,
                    "y": 1.19161301035584,
                    "z": 0.7503743900933377
                },
                "orientation": {
                    "x": -0.721445607956222,
                    "y": -0.024800621777999472,
                    "z": 0.01593743472175541,
                    "w": 0.6918433074725747
                }
            }
        },
        {
            "id": 3,
            "pose": {
                "position": {
                    "x": -0.2652235497288431,
                    "y": 1.1901150705185253,
                    "z": 0.7498211268051499
                },
                "orientation": {
                    "x": -0.7062568624075108,
                    "y": 0.007235745061005566,
                    "z": -0.007137871612787365,
                    "w": 0.7078827156277725
                }
            }
        },
        {
            "id": 4,
            "pose": {
                "position": {
                    "x": -0.21232536129566235,
                    "y": 1.195143517898893,
                    "z": 0.8180103843691535
                },
                "orientation": {
                    "x": -0.3644126302003478,
                    "y": -0.10081620665623636,
                    "z": 0.23784190875640177,
                    "w": 0.8946903117084835
                }
            }
        },
        {
            "id": 5,
            "pose": {
                "position": {
                    "x": -0.16184241208265066,
                    "y": 1.2010368415185422,
                    "z": 0.8218774809835296
                },
                "orientation": {
                    "x": -0.708313928439943,
                    "y": -0.000580933397852536,
                    "z": -0.000708335966139408,
                    "w": 0.7058969751702593
                }
            }
        },
        {
            "id": 6,
            "pose": {
                "position": {
                    "x": -0.21135893773547923,
                    "y": 1.1950062512299593,
                    "z": 0.7518092896285467
                },
                "orientation": {
                    "x": -0.7072909229947445,
                    "y": -0.008079484405904893,
                    "z": -0.0024155795030296385,
                    "w": 0.7068722919712174
                }
            }
        },
        {
            "id": 7,
            "pose": {
                "position": {
                    "x": -0.15879348042887728,
                    "y": 1.190839344317034,
                    "z": 0.7512331779752086
                },
                "orientation": {
                    "x": -0.7150482109519449,
                    "y": 0.02074517729816479,
                    "z": -0.02502960680283533,
                    "w": 0.6983188472442844
                }
            }
        },
        {
            "id": 8,
            "pose": {
                "position": {
                    "x": -0.31389095176925547,
                    "y": 1.182804646362552,
                    "z": 0.6633775913411216
                },
                "orientation": {
                    "x": -0.7130926221530052,
                    "y": -0.012660704600585998,
                    "z": 0.011023010640986158,
                    "w": 0.7008688265477191
                }
            }
        },
        {
            "id": 9,
            "pose": {
                "position": {
                    "x": -0.26863372429597726,
                    "y": 1.2026953436097574,
                    "z": 0.6678865301011462
                },
                "orientation": {
                    "x": -0.7047549924603835,
                    "y": -0.03497776430094322,
                    "z": 0.025663187640101334,
                    "w": 0.7081231230561685
                }
            }
        },
        {
            "id": 10,
            "pose": {
                "position": {
                    "x": -0.3133697103839278,
                    "y": 1.183059760799855,
                    "z": 0.5983491118972929
                },
                "orientation": {
                    "x": -0.7063528267968066,
                    "y": -0.012362657532514148,
                    "z": 0.012257480761292289,
                    "w": 0.7076458174399683
                }
            }
        },
        {
            "id": 11,
            "pose": {
                "position": {
                    "x": -0.26658322678012153,
                    "y": 1.1987344936373456,
                    "z": 0.6005038434117094
                },
                "orientation": {
                    "x": -0.7041085993180246,
                    "y": -0.02889039094846985,
                    "z": 0.019033289874573044,
                    "w": 0.7092490109642766
                }
            }
        },
        {
            "id": 12,
            "pose": {
                "position": {
                    "x": -0.21120029749176114,
                    "y": 1.199498047971992,
                    "z": 0.6672211445234489
                },
                "orientation": {
                    "x": -0.6601225235805371,
                    "y": -0.008563083835750315,
                    "z": 0.009793301154472859,
                    "w": 0.7510452840604107
                }
            }
        },
        {
            "id": 13,
            "pose": {
                "position": {
                    "x": -0.1592421864881609,
                    "y": 1.1991906168250126,
                    "z": 0.6676975663523572
                },
                "orientation": {
                    "x": -0.6922718515154236,
                    "y": -0.00653459870810999,
                    "z": -0.007450954263697804,
                    "w": 0.7215687534114069
                }
            }
        },
        {
            "id": 14,
            "pose": {
                "position": {
                    "x": -0.20661777483220495,
                    "y": 1.1854651028952898,
                    "z": 0.5991318705849253
                },
                "orientation": {
                    "x": -0.7113348628574275,
                    "y": -0.011022652267708172,
                    "z": 0.009040699987866071,
                    "w": 0.7027086734659815
                }
            }
        },
        {
            "id": 15,
            "pose": {
                "position": {
                    "x": -0.15847387924924244,
                    "y": 1.2011651944850346,
                    "z": 0.6014787585832372
                },
                "orientation": {
                    "x": -0.6665799491165045,
                    "y": -0.0011214583205275373,
                    "z": -0.00933983365100156,
                    "w": 0.7453741887632312
                }
            }
        },
        {
            "id": 46,
            "pose": {
                "position": {
                    "x": -0.2534512036506841,
                    "y": 1.17754909327997,
                    "z": 0.17761421099677022
                },
                "orientation": {
                    "x": -0.6905133569319061,
                    "y": -0.0008114113112953777,
                    "z": -0.007291966150422616,
                    "w": 0.7232824294423137
                }
            }
        }
    ]
}