{
    "pcd": "/home/catkin_ws/src/localization/resources/241108.pcd",
    "tags": [
        {
            "id": 0,
            "pose": {
                "position": {
                    "x": 0.0,
                    "y": 0.0,
                    "z": 0.0
                },
                "orientation": {
                    "x": 0.0,
                    "y": 0.0,
                    "z": 0.0,
                    "w": 1.0
                }
            }
        },
        {
            "id": 1,
            "pose": {
                "position": {
                    "x": 0.0,
                    "y": 0.0,
                    "z": 0.0
                },
                "orientation": {
                    "x": 0.0,
                    "y": 0.0,
                    "z": 0.0,
                    "w": 1.0
                }
            }
        }
    ]
}