Time,Pose.x,Pose.y,Pose.z,Pose.qx,Pose.qy,Pose.qz,Pose.qw,Twist.linear.x,Twist.linear.y,Twist.linear.z,Twist.angular.x,Twist.angular.y,Twist.angular.z,Heading.qx,Heading.qy,Heading.qz,Heading.qw,Finish
1730446055.2086167,0.172230778592016,0.5230660535886467,0.05014914721545567,-0.008218951048726296,0.006787420146884419,0.7086284746672233,0.7055012860811894,-1.6743362074609307e-05,0.0002978791078597704,0.0007479073087338425,0.00014059443917579953,-0.0016310114848764401,0.00025413108025397366,0.0,-0.6637149961333765,0.26434670260953286,0.6997165316948996,0
1730446055.3081996,0.1722473337889998,0.5230559774062844,0.05010850921678735,-0.008231006175883075,0.006826910597829171,0.7086110226844073,0.7055182934263151,0.0001657873132186753,-0.00010090506340537642,-0.00040695768346280697,0.0003952912965535713,0.0007296687488823156,-0.00048310217719916795,0.0,0.5457433239061639,-0.13531693082493476,0.82695438365364,0
1730446055.408434,0.17222267263224564,0.5230596418936939,0.0501046236831717,-0.008233741406002358,0.006824381150188286,0.7086379716318757,0.7054912178658476,-0.0002461698551239005,3.657923850434183e-05,-3.8785741349335316e-05,-8.243173086846634e-05,2.3323283482830335e-06,0.0007618234791937448,-0.0,0.7233647546553547,0.6822128691018661,0.10643793005408694,0
1730446055.5081382,0.17218114194512152,0.5230637429796384,0.05009008336190646,-0.008274990354022243,0.006810694399562926,0.7086628553011708,0.7054658719547164,-0.00041610290522609537,4.108946647069975e-05,-0.00014568191234849614,-0.0007850527152472378,0.0003916321987107018,0.0007037729238590521,-0.0,0.9478432074388957,0.2673384160304994,0.1735610135550331,0
1730446055.6082869,0.17220787890425626,0.5230601620122011,0.050117844153706015,-0.008238291618144492,0.006816169957594035,0.7086412145810403,0.7054879866981659,0.0002672430517624233,-3.5792726517548696e-05,0.0002774765328572736,0.0006017369901249735,-0.0004420872565342498,-0.0006125919052460562,0.0,-0.39000816694967366,-0.05030859912906765,0.9194360633378627,0
1730446055.7082846,0.17203207713022814,0.523144391874704,0.05035587561685294,-0.008208249753797643,0.006800327906456924,0.7086344931707106,0.7054952411356396,-0.0017583044845765705,0.0008424360094933648,0.0023807028764943313,0.00020150767931787167,-0.0006492910011674985,-0.00019620670938107847,0.0,-0.835622682597357,0.29569361431866786,0.46292550024810675,0
1730446055.8081832,0.17026114737701362,0.5237958842912286,0.05219465764699624,-0.008227921481307077,0.006824265774193412,0.7085657693686017,0.7055638037653452,-0.017711805878093685,0.006515846939489809,0.01839042475338659,8.225189137483147e-05,0.0006186149930164836,-0.0019404211809043372,0.0,-0.8618736235971096,0.3053674228763022,0.404876022991574,0
1730446055.9081485,0.16642160291343827,0.5253661592627895,0.05594346355908218,-0.008252224520481768,0.00681095792562338,0.7086108761455135,0.7055183469271984,-0.03840271426956468,0.015705722808936985,0.037495156954070824,-0.0005452666430135132,0.00015546098678139767,0.0012754276481802764,0.0,-0.8470375083052265,0.3548014569057621,0.3957819926444631,0
1730446056.0086422,0.16248593532578734,0.5269768470714462,0.059766369805575204,-0.008207872640048493,0.006746195008441251,0.708685121054847,0.7054449084621063,-0.0392207504825993,0.01605125007175579,0.03809703148775468,-0.00031332210527464766,-0.0015392756712450924,0.0020765891898208676,0.0,-0.8466851460550856,0.35673002542834675,0.3948011555296781,0
1730446056.1082232,0.15867548305459347,0.5282865085366389,0.0626690941488633,-0.008294329800648408,0.006829544668603095,0.7085992349194542,0.7055293655719381,-0.03821882451479153,0.01313590045212754,0.029114316200628564,-1.3318781411903662e-05,0.00241130345942489,-0.0024140326650727057,0.0,-0.8568547395889441,0.3865987606788111,0.34108848336695563,0
1730446056.208772,0.15526831849241637,0.529689485274027,0.06468619514986107,-0.00820961798209802,0.00676045262858206,0.7086549962167391,0.7054750135829745,-0.033921170968144614,0.013967806046580263,0.0200819263837202,0.00019847944744607641,-0.002167689565040626,0.001550310743050081,0.0,-0.781216414341941,0.5433681583843988,0.30733037340404173,0
1730446056.3082533,0.15105399920760182,0.5326198556078462,0.06827219633788625,-0.008218125738217752,0.006797669743620132,0.708584507754139,0.7055453560659528,-0.042328520656707225,0.02943256854168899,0.03601770893563892,0.00043034191190747476,0.0006506502149013966,-0.0019952897259909574,0.0,-0.7082256206618999,0.578740284684957,0.4043218434871428,0
1730446056.408261,0.1457686396542151,0.5372945194844321,0.07296052844245972,-0.00822728815176688,0.006801498662131593,0.7086296367779259,0.7054998860564059,-0.05282832932879906,0.04672429193875328,0.046860908878845156,-8.858266801036134e-05,0.00018255904414797805,0.0012799690400247612,0.0,-0.6380895044569163,0.6362292367478749,0.43365209858727033,0
1730446056.5087252,0.14147846672913822,0.5415294781337259,0.07599626324007813,-0.008298626983250524,0.0068704690242514035,0.7086243460571113,0.7055036963905371,-0.042742897072675756,0.04219279847573013,0.030244958014651276,-2.7665026072809693e-05,0.0019772325537858134,-0.00012654233688347895,0.0,-0.5268674499674117,0.7349989419435847,0.42683397885670715,0
1730446056.6083164,0.1360548059588247,0.5468676354720905,0.08107173946350013,-0.008246776602320552,0.006838349901818474,0.7087096184836376,0.7054189565889682,-0.05443887589089671,0.05358065283506144,0.05094404534413658,0.00025141406256015437,-0.0011950311669777036,0.0024149255875904074,0.0,-0.6149422235920936,0.6467685393519886,0.4511502168326051,0
1730446056.7081451,0.13103774316852546,0.552139781152255,0.08598367099790402,-0.008194936555455832,0.006781646946053889,0.7085832512397635,0.7055470419058089,-0.05022504070759411,0.05277863612044558,0.0491725879423639,-3.369167183071022e-05,-0.0015331200270443787,-0.0036045077361590346,0.0,-0.6042304004628853,0.6485413473930054,0.4629252033300049,0
1730446056.808202,0.1257021371112699,0.5573754317532245,0.08997839395181098,-0.008187681490578538,0.006728126676887034,0.708680279634766,0.7054501792756301,-0.05332801217127394,0.052328983057765156,0.03992622993917079,-0.000684888890566226,-0.0008602566396140417,0.0027326710383776915,0.0,-0.5475284457794987,0.7176136290977569,0.4303989781533333,0
1730446056.908171,0.12168995360941146,0.5613406586156198,0.09217629196021318,-0.008255310672385075,0.006806586814431575,0.7086312043549949,0.7054979351040154,-0.04013010181955929,0.039660438674320016,0.021983508686811478,0.0001722008978774866,0.0020675915084625383,-0.0013657913629662327,0.0,-0.4420356892443072,0.7974763990086878,0.4106529464869895,0
1730446057.0083072,0.11655755804360618,0.566436631753399,0.09326466073845348,-0.008308479679427607,0.006866268447907932,0.7086655212715923,0.7054622615589586,-0.05128353346414099,0.050919596042995036,0.010875115907293691,8.508339137601973e-05,0.001593579801872846,0.000991639013019899,0.0,-0.19266031417187657,0.9020763966818045,0.3861867137703799,0
1730446057.1081846,0.11331412080185208,0.5698217728689425,0.09408618278223685,-0.00817275650238191,0.006732786572885783,0.708623131633897,0.7055077128915639,-0.03247164141926359,0.03389030841801925,0.00822466020934238,3.6724583026556764e-05,-0.003810544240357586,-0.0012472625708180335,0.0,-0.21624330706086833,0.8910462174839484,0.3990933104662705,0
1730446057.2082694,0.11186161164142902,0.5712401732477826,0.09444595504657255,-0.008103876216148222,0.006679449240903087,0.7086383708971172,0.7054937075838389,-0.014508950976627086,0.01416824218569922,0.00359372476830126,0.00021137787381151808,-0.001727488926827332,0.00041359651372623155,0.0,-0.22697103904909394,0.8948322027196995,0.3843949484693904,0
1730446057.3082745,0.11134510835910744,0.5710318551090792,0.09417142193974123,-0.008285803920013246,0.006828700853549937,0.708638922216218,0.7054896117011847,-0.005166676084544532,-0.0020838441536678567,-0.0027462044986539475,-0.0004525346867771532,0.004686290316276624,6.563073763406591e-05,0.0,0.7623933487246911,-0.578510785818723,0.28996836467407155,0
1730446057.408378,0.10825626279424214,0.570600135121412,0.0936046281129461,-0.00819631266852259,0.0067891247427356504,0.708611698399354,0.7055183832725059,-0.03086096685964211,-0.004313357839442792,-0.005662894158237716,0.0007097251176417102,-0.0018245153329880795,-0.0007855968336915021,0.0,0.7904099084496262,-0.6020456465754305,0.11310709997266036,0
1730446057.508185,0.10321503389859948,0.5698310225995015,0.09292575827307614,-0.008322562311628015,0.006889848132606497,0.7086538120956714,0.7054736278214455,-0.0504717820648176,-0.0077002017549224625,-0.006796709952589153,-0.00036724417381190283,0.003213467392498051,0.001229283333864259,0.0,0.6584228330026216,-0.7459474789322786,0.10020844103856476,0
1730446057.6083176,0.09905686679631576,0.5699891693933213,0.09433105217840429,-0.008178190903287995,0.006739981113642714,0.7085926352065418,0.7055382109986572,-0.041573285691113376,0.0015811490204412654,0.014050105147073312,-6.750777714112207e-05,-0.0041586152402153485,-0.0017831938714752782,0.0,-0.9804080004323823,0.11033164046030981,0.1631780677711157,0
1730446057.7087605,0.09365445975905293,0.5704584516741382,0.09643876615380219,-0.008243579042232286,0.006791621119192386,0.7086605516803743,0.7054687376342169,-0.053785987773468796,0.004672141666524812,0.02098425337609477,-0.0002102691410284306,0.0016463403521463395,0.0019339736285673822,0.0,-0.9585103504315905,0.2134122222879944,0.18897918269907116,0
1730446057.8086836,0.08904831560548745,0.570814956780567,0.0982813744340602,-0.008234955856582328,0.006804639298003278,0.7085794478106822,0.7055501743507495,-0.04612923351852588,0.003570298009946569,0.01845320181249573,0.0003310995554523759,6.39019631392659e-05,-0.0022986040268032017,0.0,-0.9634778392752844,0.18641225772878128,0.19225223898276883,0
1730446057.9083896,0.08476922459269112,0.5705906025899754,0.10120065714420587,-0.008203475957866444,0.006755324994559865,0.7086602954997382,0.70546981094066,-0.042887374125341,-0.0022485995459591104,0.029258636797687566,-0.0002796468628073652,-0.0011469211136646707,0.002281027954734821,0.0,-0.9525181141931338,-0.07320340362753287,0.29555118648264744,0
1730446058.0081482,0.07953443044181654,0.5701262333430025,0.10496165295314981,-0.008256354383565442,0.006826150043178349,0.7086128685683604,0.70551615062109,-0.05241172080767943,-0.004649350217515258,0.037655781032820454,0.0002719612563287306,0.001752426474327446,-0.001323057435996778,0.0,-0.9441525548701947,-0.11657428862057871,0.30819861836921053,0
1730446058.1082425,0.07428243587639038,0.5695229325087918,0.10842118962064909,-0.008251337864073123,0.006822330463343231,0.7086634220141625,0.7054654672836074,-0.052504598560102485,-0.006031245409073666,0.03458525740425351,1.3722912265104753e-06,-0.00012638236956977918,0.0014312585428068406,0.0,-0.9426666134951562,-0.1643895148292419,0.29044060187201826,0
1730446058.208347,0.06907209739267253,0.5677106209753281,0.10980273491281438,-0.008272882610340688,0.006830655121174202,0.7085889174300585,0.7055399688601839,-0.05206693798059211,-0.01811043802801767,0.013805788869444287,-0.00016346360707877156,0.0004246299218142347,-0.0021072334016362026,0.0,-0.5934110488915305,-0.7784367939942005,0.2046936364655347,0
1730446058.308506,0.06477951138186283,0.5654979346605244,0.10921708598297299,-0.008234195828340406,0.0067895669852008934,0.708672639895088,0.7054567238770503,-0.04287540304752859,-0.022100854199788533,-0.005849605307400018,-6.1662455204726e-05,-0.001129190969261513,0.002356837034161324,0.0,0.24823044629526933,-0.9378589859011534,0.24249158355809314,0
1730446058.408161,0.05958108583660744,0.5615149778313575,0.10619660059349294,-0.008201417233271687,0.006814277438753474,0.7086424245987852,0.7054872191876396,-0.052101195021744345,-0.03991916566142148,-0.030272800286860337,0.0008236887519914585,-0.00011533171331669621,-0.0008519319256100938,0.0,0.5604921512938816,-0.7390918193034951,0.3736199017405339,0
1730446058.5086558,0.054429999174301316,0.5567172776631754,0.10159075477642832,-0.008166169952338664,0.006780829016713729,0.7086241166458195,0.7055063396838381,-0.05135858994463312,-0.047835171832393615,-0.045922299929025655,2.8842336583420883e-05,-0.0009682343299357263,-0.0005284298531497169,0.0,0.6218059275894972,-0.6477069623824389,0.44026478316562967,0
1730446058.6083198,0.04926283806394037,0.5534149470666774,0.09829909394295391,-0.008193182006266697,0.006767129095913046,0.7086691908004767,0.7054608817947379,-0.0517793099972313,-0.033092136284766684,-0.03298521626516692,-0.0005900578271963697,0.00018875353581800094,0.0012770029383533602,0.0,0.6589350988257872,-0.66107100580651,0.3588727641064719,0
1730446058.7087338,0.04613428061181142,0.551391368797413,0.09632463515242107,-0.008285846212207888,0.006821571314859159,0.708597129429239,0.7055316570374333,-0.0312082218226798,-0.020185750291969912,-0.01969576996988111,-0.0005133768915805574,0.0020785279124906726,-0.002018525079101438,0.0,0.6517542957694139,-0.6679682737074283,0.35921403545300623,0
1730446058.808586,0.044931133076168236,0.5507535128197721,0.09576307148129544,-0.008204519912927954,0.006797852104007128,0.7086634933412355,0.7054661779739462,-0.012039753891207436,-0.0063829486919293466,-0.005619500679923799,0.0007919183265013592,-0.0014904078150161895,0.0018727959437405326,0.0,0.62980137461226,-0.715364244837344,0.3026619000548372,0
1730446058.9083247,0.04489757691091596,0.550778769601176,0.09579339220001284,-0.008138153804702355,0.006761956052112912,0.7086410878378586,0.7054897979637811,-0.00033613337505771044,0.00025299813350390974,0.0003037237848852895,0.0004353257571401713,-0.0014490791845523203,-0.0006489013837373607,0.0,-0.6974246943485534,0.5809460921750312,0.41964322191522074,0
1730446059.0084925,0.04489695562141684,0.5508024559504069,0.09580181887672864,-0.008127194797391843,0.006729606404697393,0.708624782777516,0.7055066111213143,-6.20668582275613e-06,0.00023662677088729628,8.418255093404887e-05,-0.00029860163281799143,-0.0006107829454924253,-0.00047165322217273696,0.0,-0.23991883987798254,0.6743822766766662,0.6983176176898299,0
1730446059.1082199,0.04489327733453803,0.5507603103723142,0.09571803672048598,-0.008197779887537402,0.0067830644656708666,0.7086338027522835,0.7054962225541734,-3.6835157767912337e-05,-0.0004220549047462662,-0.000839012574336395,-0.00024155231853846277,0.0017570968420618153,0.0002740619249027463,0.0,0.6439451109119776,-0.3239286284388993,0.6931125001110963,0
1730446059.2084775,0.044917991354605405,0.5507483057350026,0.09567189390303198,-0.008247539288612916,0.00681014788352854,0.7086241883009899,0.7055050387745295,0.000246667602813476,-0.00011981681249102203,-0.00046054580102350786,-0.00031491804453874327,0.00108566496986122,-0.0002624329207340444,0.0,0.502784681945534,-0.13080579135917741,0.8544573766711993,0
1730446059.3082988,0.04488774756654866,0.5507637354035766,0.0956842700380264,-0.008229699952895327,0.006779505099108348,0.7086353080334941,0.7054943731579799,-0.00030274710040084846,0.00015445444241880482,0.00012388788655383638,-0.00018604387408864532,-0.0006862801068147884,0.00030575270333044636,0.0,-0.5996390322119799,0.7475865070359865,0.28556513363086383,0
1730446059.4083354,0.045189851585088356,0.5508387208808088,0.09568899448657492,-0.008206216665264126,0.006806644865062132,0.7086222645562545,0.7055074866852152,0.0030226645653343613,0.0007502579609499154,4.726988832313878e-05,0.0007203036249671307,5.05263138117864e-05,-0.0003624379769032318,0.0,-0.007644797942350309,0.1213366631394022,0.9925819720519892,0
1730446059.5084457,0.047756041326796825,0.551364514359921,0.09550313374446211,-0.008393995694819316,0.006884889462910717,0.7087041738832903,0.7054222374250487,0.025627217129232386,0.005250829054196029,-0.0018560956411407866,-0.0015632571137104152,0.003758590643038637,0.002347750643358346,-0.0,0.035590918960887764,0.10068545348800302,0.9942815124216253,0
1730446059.6083844,0.05166967942197766,0.5523585907604223,0.09572807494756203,-0.008228573088629967,0.006804826406794454,0.7086496531129227,0.7054797332775992,0.03916919690497531,0.009949099360457283,0.002251298168604839,0.001217488581328215,-0.003475859453469226,-0.0015763488717842624,0.0,-0.02803768789077297,0.12390617402565533,0.9918977508272028,0
1730446059.7084427,0.05481783576134942,0.554264935641599,0.09645991185359887,-0.008188848888155346,0.006794596988004929,0.7086683646034874,0.7054614980393161,0.03144920153635272,0.019043852306866105,0.007310846053562387,0.0004095232845481856,-0.0007072244326897201,0.0005256269173219129,0.0,-0.10169539326500138,0.2649039571396339,0.958897252306231,0
1730446059.8082922,0.05538760000620867,0.5568253554031845,0.09792362799158182,-0.008232882330702681,0.006803418170418796,0.7086248479588155,0.7055046123201978,0.00570551046162924,0.02563955507509463,0.014657374191987718,-0.0004839909536143664,0.000750836091478636,-0.0012313160999327946,0.0,-0.3159038144813453,0.5525978353103996,0.7712589788173595,0
1730446059.9085455,0.05338498073741636,0.5601071837964928,0.10006021072664995,-0.008249998112027486,0.006768567656081546,0.7086798494831257,0.7054494985182221,-0.019998176242915538,0.032772371479259856,0.021335936770063273,-0.0007509503126574682,-0.00025031885974729893,0.0015469516786058093,0.0,-0.4654089181163639,0.7148762259021579,0.5218682981151879,0
1730446060.0082767,0.049897996412766224,0.5634407412129906,0.10248115057818134,-0.008188623103571487,0.00677443403381749,0.708624036249439,0.7055062216201515,-0.0349316730063561,0.03339468342252922,0.024252325616702056,0.0009677770072155719,-0.0007869219178336246,-0.0015850058112723215,0.0,-0.5330929735129037,0.7340521221180538,0.4206891531821949,0
1730446060.1082437,0.04482529949863083,0.5672772529951606,0.10538160279558954,-0.008262896975043711,0.006806888037504741,0.7086413161886166,0.705487686497284,-0.05073233966683107,0.03836917958305104,0.02900759291786829,-0.0005934615450207078,0.0015104311460773434,0.0005017708763055035,0.0,-0.560182561720625,0.740969627187245,0.3703505219789942,0
1730446060.2085264,0.0395136599124407,0.5721909042778653,0.11013538111363014,-0.008199365768910847,0.006785343770468717,0.7086415915910206,0.7054883586411962,-0.05297775889442807,0.0490082635921355,0.04741370672541327,0.000589597227617627,-0.0012013941370249378,-5.857535612831177e-07,0.0,-0.6245326285754882,0.645536107530517,0.4395931411190809,0
1730446060.3085177,0.034138195647974004,0.5759327934421324,0.11362704430050843,-0.008131094643115608,0.006711477279272588,0.7086625748049344,0.7054687777949318,-0.053812171622983934,0.037458937869379,0.034954000141714466,-8.981964635433551e-05,-0.002012767135690959,0.0005713558400068144,0.0,-0.6334612401655196,0.6788575024837226,0.37132108549007087,0
1730446060.4083745,0.02908863615488523,0.5781007837338459,0.11528968187061338,-0.00825017682789425,0.00682725609519038,0.7085984351445596,0.7055307086634858,-0.050531183538141816,0.021695182617299937,0.016638093744092468,-2.0842688637977088e-05,0.0033258066166278674,-0.001781146440605892,0.0,-0.5899343623922678,0.7692427943474579,0.2454444365092499,0
1730446060.5083597,0.024720331731758596,0.5801285266899859,0.1166896836414299,-0.008285176437505643,0.006822369763778886,0.7086134839742929,0.705515231197754,-0.043666012303167495,0.020269523433785203,0.013994559130376394,-0.0005674931628566157,0.00042654022043418544,0.0004259308557483342,0.0,-0.5495307046268423,0.7959325757422906,0.2539829512872255,0
1730446060.6084247,0.019409660845761137,0.5834749494027796,0.11794296019164129,-0.008274958648934762,0.006794586266837544,0.7086421731413993,0.7054868029256507,-0.05310536688735335,0.03346338150828546,0.012532448807132524,-0.00025821943357609074,-0.000537693818900883,0.0008044830069893872,0.0,-0.33545570464640107,0.8957133914103482,0.29183384085530373,0
1730446060.7083485,0.01424410653359744,0.5873829963541045,0.11951191144039609,-0.00810026155707303,0.006742025836766076,0.7086035206010548,0.7055281577953598,-0.051682577761238094,0.0391009228149649,0.015697723809895793,0.0017331821123198624,-0.003218377960950147,-0.0011173151411880702,0.0,-0.35098887703736265,0.8742661774503618,0.33535870223148173,0
1730446060.808852,0.009991810503878169,0.5904499596979069,0.12134722339938352,-0.008190153789001212,0.006770773046956567,0.7086613133208476,0.7054687952104124,-0.04231647788965968,0.030520708252520085,0.018264000763429097,-0.000874029179744914,0.0016701630321320315,0.0016412325848321322,0.0,-0.48245338837026774,0.8062208988390395,0.34241289450781337,0
1730446060.9083233,0.004665568918752545,0.5947006107117182,0.12390796925279512,-0.008259954159141915,0.006802078739478429,0.7086704992079654,0.7054584526635453,-0.05353330508163031,0.04272269552199319,0.025737696425568748,-0.0005468226343353776,0.0014381809671858473,0.0002732139039538318,0.0,-0.4801644827624095,0.7970379578008584,0.3662957320501357,0
1730446061.0084903,-0.0004131203198732657,0.5993223344779102,0.12589990237386356,-0.008279621878495626,0.006813905324811041,0.7086480067584504,0.705480702126606,-0.05068892994646496,0.04612808959340964,0.019880908968393844,-0.00010295180394472921,0.0004454466758793641,-0.0006322029150974198,0.0,-0.36601280279556314,0.8492303539304775,0.38058170496340465,0
1730446061.1086044,-0.005780124640036447,0.6039488350552794,0.12775679007955754,-0.008313712906406489,0.006838073017328286,0.7086281144171329,0.70550004847111,-0.053669966453579784,0.04626493961482876,0.01856885050348355,-0.0001325917252755875,0.0008248202695758309,-0.0005555167758276234,0.0,-0.3466930499451416,0.8637978434682161,0.3655915955535562,0
1730446061.2086723,-0.010067914992595055,0.6072131995218446,0.12939336430705187,-0.008165120699955883,0.006768190554238718,0.7086707424259739,0.7054596382713865,-0.042820466293123804,0.032599916767296136,0.01634381949266682,0.001092025853296252,-0.003089455951890551,0.001181145896608517,0.0,-0.4205840659994766,0.8389107302234834,0.34545307951044485,0
1730446061.3083012,-0.015120383329507249,0.6104582368275874,0.13128562975500457,-0.008319728748093495,0.006809213282046159,0.7086183874804006,0.7055100266138777,-0.05068545357301927,0.03255363056930309,0.018982866613796702,-0.001589893497664341,0.0027805539569077803,-0.001471978783289606,0.0,-0.47821912289001617,0.8200957723857749,0.31424416401467714,0
1730446061.4082568,-0.020446216650832384,0.6135204054785866,0.1320313112595732,-0.00832319654284064,0.006822192414484412,0.7086025243663034,0.7055257929740564,-0.05328862193307189,0.030639101468875645,0.007461055835212525,0.00013987181760465804,0.00023291292976770382,-0.0004458427629575878,0.0,-0.22820586624212033,0.937135821794292,0.2640047994310336,0
1730446061.5082412,-0.025769485155227125,0.6163586903160783,0.1331716019396765,-0.008156996168852454,0.0067659065435685525,0.7086792967909226,0.7054511607631448,-0.0532560990879114,0.02839533238279921,0.01140792229406954,0.0015249190515860805,-0.003153770260437346,0.002155004661622016,0.0,-0.36018950860169185,0.8965436960294753,0.2578234260168759,0
1730446061.6084359,-0.030942005881868608,0.6190926232189471,0.13561562127620996,-0.008103658170703814,0.0067737683722587415,0.7086181593340923,0.7055131118896758,-0.051626294899228556,0.0272870489529878,0.024393457208864416,0.0008807253875055703,-0.0006421703520063387,-0.0017288752251916602,0.0,-0.6350370038908048,0.7103661307110709,0.30349293900842544,0
1730446061.7080925,-0.03526728750613155,0.6213736574848955,0.1380009119016206,-0.008351848818162406,0.006818068316067529,0.7086399739119621,0.7054878793712971,-0.043378826963286786,0.02287679723901554,0.023922398189382597,-0.0028895066287099413,0.004154575266759803,0.0006402330172408568,0.0,-0.6846824797654384,0.6547563558929516,0.320162484248284,0
1730446061.8086743,-0.04055043597155475,0.6244192820911627,0.14155625014942602,-0.008190132961985768,0.0067960535306383,0.7086563498383873,0.7054735382792235,-0.05262139059499805,0.03033513123112414,0.03541199795151304,0.0019572585077221915,-0.002593061024120048,0.00045063331687578395,0.0,-0.7100811158740659,0.6082798226825973,0.35465541895799274,0
1730446061.9087532,-0.04553514050597543,0.6286546467655689,0.146204572703272,-0.0083329268425931,0.0068426135726741225,0.7086529769360503,0.7054748041208877,-0.049886937932994306,0.04238754236619072,0.046520426062364825,-0.0013552730580214984,0.0026832942821752768,-7.755639877012281e-05,0.0,-0.6655040885562613,0.6063805759374354,0.4352090362580767,0
1730446062.0084388,-0.04942664286246942,0.6323510267953922,0.1502184736519475,-0.008128100072062822,0.006744239266754086,0.7086549203003932,0.7054761889390558,-0.03894607410143877,0.03699329394169399,0.04017103664914412,0.0014968918220722275,-0.00429497301866805,1.9123175848230006e-05,0.0,-0.6539501364589967,0.6022192016733525,0.4579096550206927,0
1730446062.1081285,-0.051282687506837316,0.6340017564491711,0.15184068042714055,-0.008346950406420136,0.0068211587599595275,0.7086552986994669,0.7054725138779351,-0.018602376386076914,0.01654458820504888,0.016258715058259102,-0.002002841013018257,0.00419698302908925,4.0082585736861764e-05,0.0,-0.6319201467505021,0.6430310494401742,0.43265228253956084,0
1730446062.2084663,-0.05198709360544804,0.6347133787749988,0.15256923488275623,-0.0084345382074249,0.006843458878467393,0.7086354473433351,0.7054911965462912,-0.007025090922336901,0.007097058857332435,0.007265924163161255,-0.0009115084179453476,0.0015525810587709655,-0.0005516908043223932,0.0,-0.6335878513956165,0.6188628138239615,0.46430082083685276,0
1730446062.3084085,-0.051961635988039906,0.6347139082540847,0.15272708201925198,-0.008287808199118464,0.0068329754386330125,0.7086013377260595,0.705527297030206,0.0002547355391819789,5.298105406813016e-06,0.0015794594906093989,0.001933832582613511,-0.002227967916269875,-0.0009754333976419647,0.0,-0.6483705407160757,0.0021748803864926917,0.7613218188301503,0
1730446062.4084096,-0.05195826781231069,0.6347570544747753,0.15279283154785203,-0.008232009578414778,0.0067933335532223355,0.7085758721287293,0.7055539086948256,3.3687170483550526e-05,0.00043153154971043133,0.0006576009558981677,0.00023352145451732394,-0.001349772159318292,-0.0007355541318237475,0.0,-0.5783964086849593,0.3795558633972234,0.7220768248470032,0
1730446062.5086682,-0.05209097840336405,0.6347772016787068,0.15281232370605438,-0.00820697964148256,0.0067861425744062415,0.7086506462466546,0.7054791671823648,-0.001324511404613719,0.00020107815937338012,0.00019454050829423243,0.00022833177580209183,-0.0004574687024755852,0.0021124177540667,0.0,-0.69156357425153,0.7148039851415161,0.10389940131808176,0
1730446062.6082163,-0.05208215897736121,0.6347600316992802,0.152793523004188,-0.008227447538521655,0.006796534447222554,0.7086402598500451,0.7054892616802677,8.843386184932957e-05,-0.00017216625980845184,-0.0001885177868704071,-0.00013882525742497202,0.00043823687213502836,-0.00029148218589182095,0.0,0.42824084932554646,-0.3910963869751845,0.8146492441927945,0
1730446062.708478,-0.05207885984645297,0.6347769985899332,0.15281024693365017,-0.008199532041394977,0.006791719482151565,0.7086376648205718,0.7054922396585415,3.294484071402982e-05,0.00016942992731185533,0.0001670037375199671,0.00032602477742527667,-0.00046290265779498657,-7.57201039623603e-05,0.0,-0.4610812458873177,0.4677797223921874,0.75404656090303,0
1730446062.808457,-0.05211864420588516,0.6347754522131023,0.15281337272644835,-0.008185592367860876,0.006815564873217654,0.7086618916573527,0.7054678358831594,-0.00039774819441750284,-1.546006021374512e-05,3.125043256555841e-05,0.0005272269842075823,0.00013818168131749078,0.0006933468483641892,0.0,-0.8954575772219308,-0.4429963660075178,0.043702941548174716,0
1730446062.9083247,-0.05221073683602387,0.6349940254031715,0.15307276428128014,-0.008185378195527393,0.006766503697186745,0.7086283543871157,0.7055019981333295,-0.0009219779093905214,0.002188227793313431,0.002596877546847828,-0.000682915022766873,-0.000695249329221709,-0.0009664603678673301,0.0,-0.6074546726194483,0.5118644117114698,0.6074484708484085,0
1730446063.008491,-0.05351252974664114,0.6364595655341019,0.15495367231640927,-0.008141646488822662,0.006751228748812502,0.7087162753649777,0.7054143289837719,-0.013002998673006414,0.014638592837849447,0.018787507971013806,0.00037378708291960547,-0.0008369352722394972,0.0024836155747264797,0.0,-0.6783832486909409,0.5285733574099118,0.5103002780049591,0
1730446063.1082768,-0.05626137226841796,0.6397994944186777,0.1578845430664849,-0.008137674301904768,0.0067806393341746235,0.7086540719157434,0.7054765818540065,-0.027525136042210394,0.03344389363557758,0.029347849314343675,0.00049207644911927,0.0003608774232338128,-0.0017569856545574256,0.0,-0.5761578629420254,0.6565715286031923,0.48678120834492516,0
1730446063.208422,-0.059895306971658874,0.6434972698294782,0.16043550719512337,-0.008242112294795783,0.006803641277442589,0.7086398456969294,0.7054894380080543,-0.036301213333826236,0.03693895047930569,0.025482872038965283,-0.0011423765860021095,0.0018034097948680641,-0.0003930464235846056,0.0,-0.5124690738961679,0.742854640320002,0.43074636580596287,0
1730446063.3083687,-0.06517078349333846,0.6487787202769336,0.16395400256077897,-0.008156262048595316,0.0067482589227450054,0.7086553158256516,0.7054754281638392,-0.052783508476336685,0.052843280282832285,0.03520412406231413,0.0004221794846372305,-0.0019999131060155655,0.00041957777220621696,0.0,-0.5019443093465045,0.7534453570899738,0.42470225357798896,0
1730446063.4086592,-0.07027488787450528,0.6538444203028099,0.16683578331292237,-0.008358934835938732,0.006827626479550967,0.7086557337060967,0.7054718724446343,-0.05096102379288812,0.05057758232744033,0.02877262816523642,-0.0017326361589297154,0.003986495886490655,4.147319313744204e-05,0.0,-0.4503249413862038,0.7915977180207415,0.41301392227123157,0
1730446063.5083077,-0.0755160564238834,0.659128448458575,0.16962315718809434,-0.008256441071677176,0.006788435498654349,0.7086574828326918,0.7054717006014795,-0.052510388746403895,0.05293979195519145,0.027926231409638107,0.0008920768888335083,-0.002009666609026717,3.4534242381244665e-05,0.0,-0.42500241408191625,0.8056776101262833,0.41262154156774744,0
1730446063.608146,-0.08061942276243281,0.6642535942761412,0.17255469409755106,-0.008130683865356477,0.00673744269644185,0.7086650478527488,0.7054660507761201,-0.051089255648135046,0.05130728768768627,0.02934730306892859,0.0010507933239787424,-0.002505073549392545,0.00019554894096029648,0.0,-0.4515110394504107,0.7893674843251695,0.4159768694826232,0
1730446063.708509,-0.08577620370213504,0.6693515013459848,0.1759264332995926,-0.008339123305354974,0.006828277758524327,0.7086383877453291,0.7054895244148215,-0.051438351924815544,0.05085109121462148,0.03363274680489413,-0.0016421170531516127,0.004226372071503228,-0.000720705853058524,0.0,-0.5002817426759048,0.7564018686133687,0.42139576540748963,0
1730446063.8082376,-0.09002523793143327,0.67365671115754,0.1789212430489717,-0.00809913723886448,0.006784300793636213,0.7086251793368079,0.7055060116317963,-0.04258643432338961,0.04314946055835631,0.0300158252017763,0.0027737696608928076,-0.004030861823931365,-0.00039604829960349227,0.0,-0.515451811769308,0.7409913761210483,0.43039657324143843,0
1730446063.9084694,-0.09506015508100793,0.6781811548591173,0.18058912240598105,-0.008371654503260058,0.006832946474649053,0.7086223212587512,0.7055052317716799,-0.05022635700307552,0.04513407427467549,0.016638109731416044,-0.003147875088373869,0.004538111182923971,-5.8945909908794814e-05,0.0,-0.32096545890825995,0.8706805698376521,0.37268823364172826,0
1730446064.0083663,-0.10043616503761396,0.6813125366970338,0.1814783265497314,-0.008164034385936096,0.0067742394944541465,0.7086452227451419,0.7054852276995639,-0.05381275373120369,0.03134448802035831,0.008900750554898947,0.0020929711261576745,-0.0037757071357379726,0.0006254102718703623,0.0,-0.26310587695575527,0.9265419761467709,0.26887778626985875,0
1730446064.108498,-0.10575393087725485,0.683798437013019,0.1817142925010478,-0.008258914770043523,0.006808934316685237,0.7086337616021261,0.7054953016554493,-0.05314590478122018,0.0248441592715701,0.0023582505056520746,-0.00084333482238249,0.0018336620996825962,-0.0003115716662587584,0.0,-0.09222954180815873,0.9716378394636445,0.21774668893068855,0
1730446064.2081811,-0.10995760775815608,0.6855078829277069,0.18192397763759896,-0.008274565095350954,0.006825754748819174,0.7086379196357988,0.7054907791735048,-0.04211744308654686,0.01712726573931215,0.002100875508513001,1.6286680244629874e-05,0.0004599516621935607,0.0001236494806014441,0.0,-0.11945630059413431,0.9738605625228215,0.19319885354498648,0
1730446064.3081918,-0.115469193419548,0.6857046454366225,0.18251120499021767,-0.008183614116032736,0.006777229936143161,0.7086061675307166,0.7055242001177725,-0.05513207647081698,0.0019682041348118395,0.005874001657474706,0.0006057053150970158,-0.0019735630338997587,-0.0009176272741719701,0.0,-0.9467043867663387,0.31721262558837443,0.055919176001623126,0
1730446064.4087174,-0.1209002755299948,0.6855430869541804,0.18359220105533497,-0.008142961117827467,0.006772810203804492,0.7086395244757717,0.7054912087169684,-0.05404774102265313,-0.001607758977210846,0.010757597507425743,0.0004986181558839447,-0.0006364175003339324,0.0009384438056017917,0.0,-0.9841436054078457,-0.147083557956775,0.09913521530527108,0
1730446064.5085194,-0.1252081759426082,0.6856501152330927,0.18452926248787557,-0.008221308709828259,0.006798949826480971,0.7086616209601418,0.7054678528058519,-0.043217632461427784,0.001073726961623171,0.009400768984060826,-0.0007441360814391798,0.001483577018900306,0.0006384334022236418,0.0,-0.9877765520304463,0.11282080410363593,0.10755905085232025,0
1730446064.608473,-0.1305302008442068,0.6875418629524348,0.18712516628785783,-0.00842636117328406,0.006820380722113598,0.7086136643139334,0.7055133971738333,-0.05322042677221152,0.018917540378005714,0.025959124703299086,-0.0025756284142791665,0.003210161943438996,-0.0013469253201118237,0.0,-0.7785645487435401,0.5673737637951985,0.26818697879770004,0
1730446064.708282,-0.13600870582799446,0.6913972302349347,0.19128159911522435,-0.007995454397211024,0.006745372731757306,0.7086635664745274,0.7054690086795415,-0.054844205346205044,0.038595302103801285,0.04160920838191806,0.005007796751928492,-0.007175751164815382,0.0013790515360150662,0.0,-0.6749280709293975,0.6260405763253104,0.39057047490279595,0
1730446064.80852,-0.14002230401785282,0.6943485952332129,0.1946398802308277,-0.008401676567796968,0.0068177605974944905,0.7086123278072269,0.7055150592658589,-0.04006066104550565,0.029458263439610687,0.033519788255748695,-0.004682970903204571,0.0067677684790397735,-0.0014177852848720278,0.0,-0.685981633166248,0.6028626287959932,0.40741361017981675,0
1730446064.9083846,-0.1453115599385743,0.6981087985573746,0.200100752389598,-0.00810308439307828,0.006754877949708701,0.7086335249592162,0.7054978660145463,-0.052964334884920916,0.03765305953831168,0.054682826113166855,0.0033206114037720195,-0.0051272757725025105,0.0005728407459277985,0.0,-0.7420943117606097,0.5109853182411982,0.43380875624460197,0
1730446065.0084605,-0.15065023225822471,0.7019440589488991,0.20495734394589676,-0.008212075448000794,0.006774687218997789,0.7086740934412704,0.7054556645992112,-0.05333171686373081,0.03831308779649156,0.04851587628818387,-0.0012680153427786155,0.0018215238048277097,0.00115770243178002,0.0,-0.7135195438480556,0.5634678587599,0.4164058509331926,0
1730446065.1085818,-0.1557877216762728,0.7062027555087389,0.20865359521436394,-0.008327548971452173,0.0068140976807215,0.7086654385568094,0.7054626256549743,-0.051333942527829336,0.04255301892754847,0.03693304934455715,-0.0010675032179019305,0.0021914263797913813,-0.00022988201717197358,0.0,-0.5995840603683258,0.6908206152024586,0.40406166876298527,0
1730446065.2087867,-0.16007315656873483,0.7096669271683207,0.21199756930795882,-0.008092355184209985,0.006763266041254318,0.7086409722674465,0.705490428314854,-0.04280999049676722,0.0346058590428535,0.03340512754494057,0.0026033684568513484,-0.004046099016181581,-0.0007154565809595293,0.0,-0.6336560600329229,0.6564325271816068,0.40936088582267094,0
1730446065.3082619,-0.16497366988391626,0.7117033690603882,0.21432027412906104,-0.008363431332840045,0.006832116274117363,0.7086076882280306,0.7055200347174303,-0.04918989284884923,0.02044119707896375,0.023314619086040347,-0.002850664467711242,0.004832781399139341,-0.0009188967392663434,0.0,-0.7223857414452411,0.6333549458141026,0.27752540995271874,0
1730446065.4083838,-0.16997750892016555,0.7117615051179051,0.21710079048878042,-0.00808796052177752,0.00678802843766111,0.7086245952477542,0.7055066906659951,-0.0499935021967405,0.0005808390514017482,0.027780220292997086,0.00325461602134656,-0.0045231297227063105,0.00045679772539538774,0.0,-0.9677934606043257,0.020234981208983992,0.25093099279876846,0
1730446065.5082548,-0.17428663544666023,0.7104735749458028,0.21858415992714952,-0.008233715247190816,0.006797899367962085,0.7086423306056856,0.7054870953966157,-0.043139235231739764,-0.012893639189930224,0.014850207517446283,-0.0019243841947868573,0.0022072826652580527,0.0005101263846841892,0.0,-0.7378950332411345,-0.6406747048804109,0.21224241433903654,0
1730446065.608462,-0.17946242893834574,0.7074718275221027,0.2184295148066887,-0.008314252979521751,0.006826110254023954,0.708640711969852,0.705487504322404,-0.05166068110164719,-0.02996107102274687,-0.0015435454032093562,-0.000734869917141456,0.0015368137846616073,-3.4929241071962825e-05,0.0,0.04968012962826009,-0.9643188267197902,0.26004054521148534,0
1730446065.7082176,-0.1847943492317893,0.7030019735753426,0.2164246417097379,-0.00812402578453189,0.006773088577805623,0.708668676578755,0.7054621409489565,-0.05339589171599492,-0.044762829185762854,-0.020077566973522372,0.0019271915978641757,-0.003450394500752239,0.0007719747710864674,0.0,0.3813258825678905,-0.8501640347163117,0.363058790499144,0
1730446065.8085845,-0.18887869267720983,0.6988515303589103,0.2137899537812484,-0.008207604542168517,0.006785011683012424,0.708653797346199,0.7054760055104305,-0.040742353490043515,-0.04140171533660628,-0.026281674974915778,-0.00100351252469732,0.001349988194896516,-0.00041486556935917693,0.0,0.48516649811399437,-0.7642863426682376,0.4248292074688521,0
1730446065.9089484,-0.1912317153742542,0.6963691009589441,0.2121231019893467,-0.008419918205619822,0.006789951064686943,0.7086423987498679,0.7054849057463833,-0.023501281147492836,-0.024793756273872508,-0.01664801306077052,-0.0029190831526450444,0.0030756590755220787,-0.0003150346482845985,0.0,0.5014610376982771,-0.7468220203906326,0.43679937904056193,0
1730446066.008328,-0.19186252013078467,0.6957469652292669,0.2118262447670668,-0.008351431312734955,0.006802326141627223,0.7086358049727368,0.7054922238159205,-0.006327423718586862,-0.00624046716735499,-0.0029776906560103717,0.0011473681554908337,-0.0007983633119548037,-0.00018598474904443784,0.0,0.39411651062609576,-0.8259659678584483,0.40305383758446867,0
1730446066.1082673,-0.19188168135537897,0.6957448258449712,0.2119127119967754,-0.00826714970920265,0.006797745700160049,0.7086319229546169,0.705497159922507,-0.00019164989556503512,-2.139804660343996e-05,0.0008648421953351957,0.0011258639901006767,-0.0012593926765979023,-0.00011412484258360584,0.0,-0.7795977273784245,-0.019288916050070666,0.6259834831559129,0
1730446066.2086306,-0.19185681528720816,0.6957483299843987,0.21197120312876855,-0.008208050415737536,0.00678436437098184,0.7086184477563843,0.7055115135898117,0.00024803643848196095,3.495342559080458e-05,0.00058344294573236,0.0006468362086290166,-0.001023537586376926,-0.0003868010814709474,0.0,-0.5509880469219,0.03300908827568878,0.8338600435567098,0
1730446066.3085175,-0.19184212521554872,0.6957489824720586,0.2119632994091639,-0.008237070712607548,0.006768026247261835,0.7086038366752516,0.7055260074128419,0.00014721885949414433,6.53900752506516e-06,-7.920836691163528e-05,-0.0006380537657383797,0.0001815626565065795,-0.00041910876509455164,-0.0,0.24416298900135672,0.02015675470501014,0.9695246980049994,0
1730446066.4082036,-0.1919218252276199,0.6957441167379884,0.21191535697254055,-0.008224429157824282,0.006809322220207173,0.7086577572924188,0.7054715975326068,-0.0007977388428351749,-4.870244013575519e-05,-0.00047986873427875536,0.0007480900377431917,0.0004023475810308331,0.001541906137756064,0.0,0.9583374473775298,-0.09726279048145707,0.2685689604955877,0
1730446066.5083234,-0.1917261532514611,0.6955145897979275,0.21172517006642408,-0.008245352034915603,0.006808904906498602,0.7086369033907091,0.7054923048032641,0.0019561199956361483,-0.0022945658637700435,-0.0019012861078311627,-0.0002947966481840898,0.00029116731957956664,-0.0005904653743429031,0.0,0.3030608710840705,-0.3657488089613045,0.8799897255997661,0
1730446066.6083157,-0.19019634713606168,0.6939377894368801,0.21025482644205506,-0.008227883742267206,0.006803328014414796,0.7086665119564891,0.7054628207697948,0.015288015704635144,-0.015757649574091336,-0.014693781253903823,0.00015842313841086774,-0.00032692202808293723,0.0008365486479158915,0.0,0.31301366674338815,-0.3356766775831303,0.8884501182163298,0
1730446066.708144,-0.1871770819492515,0.6910103863602657,0.20729647071581758,-0.008087517082456142,0.0067794680737973375,0.7086487769604349,0.7054824886505382,0.030233262698221103,-0.029313405998752144,-0.029623348825684927,0.001650220464772428,-0.0023289527810180424,-0.0005146971240671928,0.0,0.3229299435147223,-0.31955119588618225,0.8908441416933094,0
1730446066.808231,-0.18246090986842683,0.686192037494552,0.2024007364273326,-0.00824411534741813,0.006800614033093767,0.708670975435681,0.705458173661594,0.047170088310212056,-0.04819203744265835,-0.04896602896872847,-0.0019170478943029393,0.002518039709046739,0.0006398880054808527,0.0,0.3320023726008165,-0.326754509369099,0.8848762146167045,0
1730446066.908656,-0.17900781725817627,0.6827430606246433,0.19880317908840034,-0.008241162331486297,0.006800824843940614,0.7086482274521538,0.7054810569772862,0.034409378071312745,-0.03436836554096692,-0.03584894023434951,5.133943514475987e-05,-3.8105375912730226e-05,-0.0006425836755394544,0.0,0.33489695597659047,-0.3210655859369624,0.8858673255090564,0
1730446067.008274,-0.17639736779629975,0.6799557623254291,0.1953920179080321,-0.00825240867719521,0.006809787236055321,0.7086591104126583,0.7054699070675972,0.026175413761301836,-0.027948706658989762,-0.03420428420722782,-3.5066598451491324e-05,0.00028634919661832566,0.0003123750898810276,0.0,0.3833670545570557,-0.3132535470007565,0.8688509174603501,0
1730446067.1083214,-0.17556203295468156,0.6788019553978727,0.1932286837489582,-0.008258061620828731,0.006796698509467117,0.7087095415459288,0.7054193044065334,0.0083520222820839,-0.01153623755176553,-0.021629907194074545,-0.0002804519467252878,-0.00010594873458889583,0.0014255986271934798,0.0,0.5135463650839648,-0.2738982099320934,0.8131727378023945,0
1730446067.2083488,-0.17627265319111055,0.6792919259638873,0.19245385804419549,-0.008328969040437883,0.0067952844373844225,0.7086573014029798,0.7054709643581263,-0.007108005523130935,0.004900948932871594,-0.007750223124229427,-0.0010051271044775971,0.000986886764281805,-0.0014795593069596544,-0.0,0.7589427321281539,0.47992677288293506,0.4400866074081612,0
1730446067.3086672,-0.177001624729706,0.6799646410838668,0.1923699778513082,-0.008254262648846334,0.006797650094543507,0.7086335358312528,0.7054956916924532,-0.007262985927255347,0.006702484515207211,-0.0008357262640044017,0.0010909611641239914,-0.0010210535987644886,-0.0006728154367565236,-0.0,0.11515222776816217,0.9235153383951276,0.3658679873792768,0
1730446067.4083133,-0.1772031674577061,0.6802462799936403,0.1925890462682208,-0.008251622997397897,0.006784506277414798,0.708545592508562,0.7055841725330659,-0.002021758193390237,0.0028252360135354974,0.0021975656040830144,-0.00012283181928127157,-0.0002210877274073795,-0.0025045348386938666,0.0,-0.5302595943162726,0.6817127550602416,0.5040758695114427,0
1730446067.5082867,-0.17937377864391144,0.6819452946660407,0.1937041872262838,-0.0082318256048786,0.006795941805271696,0.7086720196591287,0.7054573132191924,-0.021706442885307455,0.01699040582769299,0.011151579642219588,0.00040331969258635704,-0.00012289778051952343,0.0035864378615270433,0.0,-0.5103295696649465,0.7775316836416873,0.36743463535561477,0
1730446067.6085749,-0.18224018649564422,0.6846491052035141,0.19557280823315948,-0.00807918831648453,0.006772413337501338,0.708646143511296,0.7054852970971829,-0.028644778524901108,0.02701990017659174,0.018673628338191393,0.0018270886382322305,-0.002493157571591196,-0.0007445719503368942,0.0,-0.5175412010704235,0.7488588364799076,0.41395838947959757,0
1730446067.7083867,-0.18702134349606658,0.6890093808295317,0.19835565618009998,-0.008270212990229205,0.006806916094096935,0.7086279876448618,0.7055009883740616,-0.04782495668785014,0.04361496452489612,0.027836271120054247,-0.0022019985731319717,0.003195849690059286,-0.0004993555189679562,0.0,-0.4928986656758332,0.7722930174484592,0.4007672648499837,0
1730446067.8085403,-0.19040344718644353,0.6920995178097772,0.20038412202629485,-0.008301757711406517,0.00678513740661806,0.7086349132153326,0.705493871342319,-0.0337768577870897,0.03086100453435437,0.020258161394589434,-0.000754887710668875,0.00013941996649411217,0.0001904354010480547,0.0,-0.5022068451044247,0.7650550028735991,0.4030869971958137,0
1730446067.9084022,-0.19177699804882642,0.6935073179120357,0.20120945676041418,-0.008349915952018696,0.006805418539582982,0.7085940294040879,0.7055341711603871,-0.01374377921784881,0.014086477842356136,0.008258316948583467,-0.0003801138376051557,0.0009705780677626407,-0.0011519021582182983,0.0,-0.45852971513169655,0.7821289389204694,0.42192987953496003,0
1730446068.0082862,-0.19215885523454568,0.6937171257830281,0.20156556398199862,-0.008221320666684986,0.006773764361672151,0.7085775167046067,0.7055525698511775,-0.003824328925470412,0.0021012418774219448,0.0035664410648946674,0.0013734103564690362,-0.002272233291646862,-0.00048241461101421277,0.0,-0.7893236295304474,0.465046200127534,0.4008743439181689,0
1730446068.1083083,-0.19426198168094572,0.6952206459058591,0.2021678115098448,-0.008242701655914075,0.006818648860415792,0.7086618187438298,0.7054672143706023,-0.02101029576861739,0.015020210757569211,0.006016470720353509,0.00030872330454439736,0.0009331029208120594,0.0024013113833034195,0.0,-0.3519991592903624,0.8787712605568478,0.32226955096348575,0
1730446068.2085016,-0.1979786914532205,0.6988221080501591,0.20337681502796412,-0.008049485707420914,0.006765789275165988,0.7086499107153551,0.7054819160818009,-0.037149241568295625,0.035997318971663236,0.012084226776750601,0.0019801173428249446,-0.0034826417252710475,-0.00035892260414144777,0.0,-0.293348738880975,0.8738472323069961,0.38773384168311137,0
1730446068.3083768,-0.20290779439907863,0.7037436756184483,0.20413564972018733,-0.008206118858315488,0.006775648817793453,0.7086446188691762,0.705485332479805,-0.049332596117417936,0.04925717879660253,0.007594746103403898,-0.0020707934430721515,0.0023614405220354043,-0.0001430589226222623,0.0,-0.1406358461902392,0.9121206853642336,0.3850420939287495,0
1730446068.4082422,-0.208050946412054,0.7088658911705522,0.20428648293377624,-0.008378675853257031,0.0068206026606711665,0.7086377875391854,0.7054897329103095,-0.05147611955449676,0.051266573392892374,0.0015096401031709228,-0.0017975390479975173,0.003083097645890853,-0.0001751890783874546,0.0,-0.027203827557033548,0.9238274864922196,0.3818412326710082,0
1730446068.5084784,-0.21234068642024306,0.7132120669547647,0.20485116693689603,-0.008110104876880053,0.0067778106048646735,0.7086368286705717,0.7054942469885956,-0.04282973937281914,0.04339320698945115,0.005637933449451814,0.0031788761928101604,-0.004403668656491133,-4.866613526724026e-05,0.0,-0.11877007280995194,0.9141318179439567,0.3876295773379468,0
1730446068.6084049,-0.21713342561554724,0.7183244586961073,0.20504369288898583,-0.008191406652514749,0.00678977202975276,0.7086325741306592,0.705497466142716,-0.04796025479923278,0.051158972052666125,0.0019265796325279529,-0.000977210874206629,0.0013221970767075535,-0.00011487931611886704,0.0,-0.03452799432238532,0.9168666930500713,0.39769747897553936,0
1730446068.7082748,-0.2199078467694922,0.7236911291944009,0.20461587264814737,-0.008347602653032913,0.006818734303536617,0.708605183818843,0.7055228669983054,-0.02775495798163058,0.053687492243058056,-0.0042798595271948915,-0.0017863563664885134,0.0026243536817522023,-0.0007634690922126591,-0.0,0.06785120598608504,0.851140340451224,0.5205346623451778,0
1730446068.80842,-0.22033791472903747,0.7284938186444885,0.20401550394687648,-0.008249779775869936,0.006791950287549316,0.7086352683726046,0.7054940587725936,-0.004294877731023265,0.0479621034545608,-0.005995587693205927,0.000990415107094876,-0.0017630447125712445,0.0008404260381564614,-0.0,0.09150969496841109,0.7320379054990311,0.6750899796615114,0
1730446068.9081876,-0.220379757057138,0.7308627410579347,0.20375524557051228,-0.00812900654275914,0.006781673549702259,0.7086197523056711,0.7055111443476584,-0.000419310428658557,0.0237394504018609,-0.002608101802869415,0.0015667297540107761,-0.0018603489043502036,-0.00044746040866369555,-0.0,0.07789551976472871,0.7090201869986362,0.7008727861951851,0
1730446069.0085156,-0.22044122885359874,0.7309733260712771,0.20372536869541608,-0.008156902511015487,0.006773622446229464,0.7086338560106814,0.7054967335826683,-0.0006133235367471739,0.00110334162005011,-0.00029809102313545975,-0.0005108106265563498,0.0002807832322064446,0.0003972385496469224,-0.0,0.2238233353361791,0.8284503129858333,0.5133937996048096,0
1730446069.1084282,-0.22015313800663608,0.7312045606459944,0.20341294572866067,-0.008273661498968746,0.006783887276053354,0.7086430385821431,0.7054860517883353,0.00288337228240817,0.002314323313300966,-0.0031269015736797396,-0.001506231237814236,0.001801131700791821,0.0002669047188099463,-0.0,0.36150012196493997,0.2675582010853187,0.893157472594459,0
1730446069.2083106,-0.21863580931687981,0.7328056114793802,0.20185031526927216,-0.008271876051841608,0.006799322956091985,0.7086408746342947,0.7054880977532247,0.015178802115311243,0.0160163278665883,-0.01563198447544424,0.00024468041538909383,0.00019263941867873628,-5.6751704420031155e-05,-0.0,0.32712560035800786,0.33516863307526373,0.8835444691654587,0
1730446069.3083148,-0.2154672835221853,0.7359593083105317,0.19858613108892537,-0.008297982619224244,0.006821472753084958,0.7086365302117884,0.7054919411611495,0.03168037853504313,0.031532111735665676,-0.03263681508120916,-5.3201548522191685e-05,0.000682622611758101,-0.00011564042413536811,-0.0,0.332529251883067,0.3212736751323258,0.8866834397399427,0
1730446069.408718,-0.21165197005221864,0.7397496677543504,0.19491000565061745,-0.008219139731288825,0.006806365017973093,0.7086050981636571,0.7055245807155079,0.03805626817746113,0.03780736147066733,-0.0366679216886091,0.000905801809083602,-0.0013264063286972316,-0.0008956242315516994,-0.0,0.3168795828299932,0.32672647859530946,0.8904140262654212,0
1730446069.5084164,-0.20675704017073077,0.7449265811535872,0.18973205471575658,-0.008223866178475352,0.006797067940268736,0.7086321902280263,0.7054974038684507,0.04907887932601927,0.051906179282218586,-0.05191658210451013,-0.00020715643230243244,-6.512063322329193e-05,0.0007672902257198962,-0.0,0.33328676245960576,0.33321997988607244,0.8819775388148612,0
1730446069.6087584,-0.20254486760570517,0.7503318787676099,0.18424730767317354,-0.008267220747303001,0.0068032179241252575,0.7086125305219537,0.7055165844076703,0.041977846162754656,0.053868341859818474,-0.05466012231001154,-0.0005169893137654705,0.0006994392538376129,-0.0005522439117025956,-0.0,0.3632141752990981,0.35795282806676404,0.8602006950362233,0
1730446069.708388,-0.19879485074664444,0.7553694527965261,0.17951810394541765,-0.008147137175603452,0.006818327170846721,0.708667655744114,0.7054624641131342,0.037600878407324734,0.050511028522847785,-0.047419043970739774,0.0018970665624988637,-0.0014945597299610843,0.001567736888200564,-0.0,0.3500016169675807,0.37282366275881096,0.8593610327488578,0
1730446069.8083262,-0.19674342748940138,0.7587500121911831,0.17694468005444114,-0.00814635289149263,0.006836107515392164,0.7086602507470858,0.705469739662647,0.020524968978453507,0.03382328656954145,-0.02574770727796509,0.00026540442930010226,0.0002400941312845896,-0.00020469764567815734,-0.0,0.32199239845435723,0.42298294945492443,0.8469984178308855,0
1730446069.9085886,-0.1956352394143292,0.7620581289422874,0.17532347165720444,-0.00831018100384849,0.006826261977131632,0.7086359074406009,0.7054923768014358,0.01106666718201335,0.033035752601227215,-0.016189827492716222,-0.0024407617217288174,0.0021808438461477023,-0.0006876347495615954,-0.0,0.26255756644871847,0.535755357040244,0.8025146239809012,0
1730446070.0087488,-0.19601556700606226,0.7648871914241844,0.1760370380947034,-0.008224924082924856,0.006787550448036805,0.7086172553117743,0.7055124841256553,-0.0037965631760135095,0.02824069216873913,0.0071230700036853094,0.0006590852548443698,-0.00175106718825643,-0.0005420479190485345,0.0,-0.18377264502720003,0.7285997041392277,0.659825799789563,0
1730446070.1086204,-0.19709435243158685,0.76805462622182,0.17834260205338645,-0.008118783189877903,0.006788055754631626,0.7086372646040888,0.7054936107953228,-0.010801410457426355,0.03171415050380423,0.02308461169789593,0.0015008563514309636,-0.0014997893760074453,0.0005649040310987964,0.0,-0.4681234773202557,0.6431183945559692,0.6060190925749326,0
1730446070.2083354,-0.1991271564115477,0.7728645767779103,0.1828182163419297,-0.008195508523751152,0.006790951453248816,0.7086158204156274,0.7055142349202347,-0.02037605658824051,0.048213121227469645,0.04486186120722327,-0.0010377641827978472,0.0011315839139422208,-0.0006063085797910817,0.0,-0.5482699668344317,0.5892266986933006,0.5934744653431735,0
1730446070.30833,-0.20347705661796,0.7779624237691087,0.1879034819008194,-0.0083560534487269,0.006788344284238046,0.7087118088125656,0.7054159530392418,-0.04348421786489105,0.050961143632760476,0.050835372070746565,-0.002330333730759972,0.002235678179097801,0.002723886404692189,0.0,-0.6150872049609151,0.6166089894072853,0.49138689896607524,0
1730446070.4082124,-0.20869973510871193,0.783387104039612,0.1932098977993451,-0.008416928712325012,0.006841742782360636,0.708645039750536,0.705481788215481,-0.05226658643575589,0.054288143669318084,0.05310459866818889,-8.211146332121554e-05,0.0016196694058458788,-0.0018759385925310095,0.0,-0.6189522221662421,0.6327468431002947,0.465327389288533,0
1730446070.5081482,-0.21302410031448282,0.7876876563038515,0.19761021296535589,-0.008214627682742084,0.0067774673284572914,0.7086617825162619,0.7054679750559338,-0.04328394031651618,0.04304558904622366,0.04404414751217062,0.0019405295360618408,-0.00377858458376842,0.0004489205802726187,0.0,-0.6346504227318415,0.6202617788748889,0.46097089560324034,0
1730446070.6086984,-0.2181612127971343,0.7928279205201405,0.20292379944567718,-0.008049798877107914,0.00676343438694069,0.7086634036938098,0.7054683812605894,-0.05116416526637062,0.05119555562841742,0.052921795610749486,0.0021180116434182323,-0.002524267982822679,3.6735388667450424e-05,0.0,-0.636924957475457,0.6161492956776937,0.4633429010795019,0
1730446070.7082217,-0.22186812317980792,0.7965447921505034,0.2064365749642529,-0.008268401302384525,0.0068179625168474315,0.7086488773387472,0.7054799200356837,-0.037187769627740654,0.03728770098459422,0.03524020633175992,-0.002315140543985764,0.0038807846804089757,-0.00039098509525581777,0.0,-0.611831860804592,0.6473799632089203,0.45448977693673964,0
1730446070.8082845,-0.22367447991610634,0.7984128793345098,0.208363483980671,-0.008174134023722855,0.006774346871929844,0.7086386516094646,0.7054917102294974,-0.01805368459549978,0.018670651338813904,0.019258547842506468,0.0007148924836317273,-0.0019502854127069263,-0.00030564398103387813,0.0,-0.6337714681164756,0.6144246288172314,0.46991073801765215,0
1730446070.9082093,-0.22421424900576103,0.7991796017422212,0.2091463662063625,-0.008196418433049801,0.006785633770731665,0.7085547229303731,0.7055756362802377,-0.00540212663674966,0.007673524885133164,0.00783525586385743,-0.00012953402385249447,0.0004778151217209687,-0.002376813370641763,0.0,-0.6066200769966662,0.5940985639189604,0.5282603321601839,0
1730446071.0082836,-0.22433144304443164,0.7991279761196417,0.20911347243302525,-0.008225035089236379,0.0067913177327193,0.7085939266942275,0.7055358770844256,-0.0011712350221263685,-0.0005159455027758388,-0.00032873975314368076,-0.00033488578063140104,0.00048443477175573755,0.0011130254229566718,0.0,0.5218650720880497,-0.819048911562383,0.23836049799203424,0
1730446071.108672,-0.22443962715389726,0.7991113075295457,0.20914061911969078,-0.008181705871471538,0.00680338642520481,0.7086428334457202,0.7054871424967312,-0.0010783430361144318,-0.0001661469335988555,0.00027058909727093746,0.0007652693139291891,-0.0004437979163306225,0.0013841334641417902,0.0,-0.8434568081293256,-0.5178987760672689,0.14269362483417075,0
1730446071.2088454,-0.22444864817424992,0.7991401982565621,0.2091355187320208,-0.008188861958685184,0.006778950025082101,0.7086306064249817,0.7054995761969965,-9.00827130661255e-05,0.00028849896911292493,-5.093179496772725e-05,-0.0004429746434198391,-0.00024272451820095254,-0.0003532082388386558,-0.0,0.1398354820104024,0.7920866019148326,0.5941757762126726,1
1730446071.3083806,-0.2244496767716626,0.7991458982526242,0.2091289009575566,-0.00820292926206108,0.006786488308756084,0.708628112547789,0.7055018452384905,-1.032631128032781e-05,5.722348987769781e-05,-6.64372652092389e-05,-9.130030804525888e-05,0.0003070354069008483,-6.828760183723911e-05,-0.0,0.5662345787289657,0.48770699068139206,0.6644699339263826,1
1730446071.408671,-0.22445684159384183,0.7991257177735502,0.20905949755366898,-0.008244520539295502,0.006811908123455932,0.7086448655088535,0.7054842878312271,-7.152823246692984e-05,-0.00020146682812043916,-0.0006928717396042311,-0.00023133388141922126,0.0009461824596503444,0.0004829224232696117,0.0,0.7116877068621111,-0.20693796083488417,0.6713250243115103,1
1730446071.5094564,-0.22448230016587672,0.7991358306952514,0.20908204911750516,-0.008220128106749061,0.00679343708569589,0.7086499670851133,0.7054796261103075,-0.0002526505585547599,0.0001003605116939747,0.00022380144462480034,8.02984977195257e-05,-0.0006019282035109184,0.0001372753071829216,0.0,-0.845561618331683,0.3791798432169247,0.37583000958185053,1
1730446071.608386,-0.22444320897662629,0.7991426214319683,0.20911062465168312,-0.008204322789198684,0.0067986457675172415,0.7086252191869278,0.7055046181532596,0.0003944578078548595,6.852334683205091e-05,0.0002883473945472471,0.00030706602422063574,-0.0001511918551345841,-0.0007067466642937881,0.0,-0.3080594669217289,0.0732077559775401,0.9485462504826179,1
1730446071.708267,-0.2244539713372164,0.7991434879227199,0.20911372390175542,-0.00819687266603162,0.006804278204141609,0.7086356032799325,0.7054942202744852,-0.00010774187199916425,8.674429263456754e-06,3.102655795516229e-05,0.00018202897129738466,-2.6434467411638326e-05,0.00029614654954957296,0.0,-0.9529237886475384,0.26641917579236196,0.14476558914237955,1
1730446071.808695,-0.22444848810358048,0.7991311309058264,0.2090750880696975,-0.008229500668188526,0.006812171487312284,0.7086352152075186,0.7054941540552789,5.4723575441919597e-05,-0.00012332506530076724,-0.0003855919719587273,-0.00034777518558146066,0.0005727348026562426,-7.678085386220767e-06,0.0,0.6267670067537833,-0.20046081780081848,0.7529798003741736,1
1730446071.9085782,-0.2244794124153267,0.7991287867363759,0.2091037975368456,-0.008227092444431284,0.006785871909286189,0.7086484706829613,0.705481120860822,-0.0003096871624000841,-2.347535464277613e-05,0.0002875069132687266,-0.0003432070580595304,-0.000406197170214876,0.0003682832902808611,0.0,-0.9274337597906139,-0.07572630574770993,0.3662405600400513,1
