Time,Pose.x,Pose.y,Pose.z,Pose.qx,Pose.qy,Pose.qz,Pose.qw,Twist.linear.x,Twist.linear.y,Twist.linear.z,Twist.angular.x,Twist.angular.y,Twist.angular.z,JTwist.linear.x,JTwist.linear.y,JTwist.linear.z,JTwist.angular.x,JTwist.angular.y,JTwist.angular.z,Heading.qx,Heading.qy,Heading.qz,Heading.qw,Finish
1731414685.304106,0.45480095990253183,-0.11674448324094673,0.0943516796520683,-0.0010852281707469972,0.01064747050973325,0.009435032835915293,0.9998982117230467,-0.00012416766657500535,-6.298038091771466e-05,-1.0573679046217471e-05,0.00026574502288192884,7.435893896992154e-06,-0.0001240074828239517,-9.173698152447847e-47,4.740736293300157e-45,-1.1637529940218702e-47,9.80405878057269e-46,1.3590294276652816e-46,4.76338656111184e-44,0.0,0.16092279094466508,-0.9585101484295914,0.23529162907350162,0
1731414685.4038293,0.45483429846705165,-0.11673566458095917,0.09437383228751026,-0.0010510581851519245,0.010620646988403449,0.0094469451129904,0.9998984210219913,0.00033341140122888143,8.819341281672384e-05,0.00022154346865255783,0.0006757819186472542,-0.0005432170765963413,0.0002448766464887312,0.0,0.0,0.0,0.0,0.0,0.0,0.0,-0.2838016041328279,0.11297752167358219,0.9522041425493427,0
1731414685.5038397,0.45483237945307636,-0.11671183782172087,0.09437416820664629,-0.001096231083626383,0.010628327256018371,0.009482901317555116,0.9998979505528311,-1.9180371956600072e-05,0.00023814631399115486,3.3574815293089488e-06,-0.0009090938536693951,0.00016141883123085518,0.0007093374923069937,0.0,0.0,0.0,0.0,0.0,0.0,0.0,-0.010360441286001505,0.7348665605588214,0.678132582485761,0
1731414685.6040058,0.45482625282397343,-0.11671012864962821,0.09436144944543445,-0.00107236495396463,0.010634616964518043,0.009481861908611507,0.9998979194148617,-6.124663637123812e-05,1.7086237782054174e-05,-0.00012714680943576854,0.0004785333768201211,0.00012124580087069612,-1.556121506221939e-05,0.0,0.0,0.0,0.0,0.0,0.0,-0.0,0.8382867243763882,0.11265061518881436,0.5334652815618718,0
1731414685.7036707,0.454825167786283,-0.11676091830113142,0.09436263015921063,-0.0010622587294764258,0.010637073132439813,0.009408068290213975,0.9998986011254409,-1.0858205453148836e-05,-0.0005082629624627566,1.1815656613910028e-05,0.00021843349757073106,4.8690694835472955e-05,-0.0014747115009575093,0.0,0.0,0.0,0.0,0.0,0.0,0.0,-0.01660829131988582,-0.7144232118045817,0.6995167182378557,0
1731414685.8037043,0.45482396572179057,-0.11673814092597429,0.09433342373591119,-0.001072698645889753,0.010671286705000458,0.009441435457972129,0.9998979109159933,-1.2009861390005182e-05,0.00022756941926542764,-0.00029180222669308463,-0.0002092420238483321,0.0006849963228684204,0.0006653068770678196,0.0,0.0,0.0,0.0,0.0,0.0,-0.0,0.5665602593697311,0.44184648850966185,0.695543782298846,0
1731414685.9037464,0.4548107775603552,-0.11669841746473712,0.0943427598816158,-0.0011215690565906707,0.010662942538103121,0.009492721371408563,0.999897460732972,-0.0001318962060308971,0.0003972785632991075,9.337178676690721e-05,-0.000989957011487534,-0.00015860967818532407,0.0010152095061985251,0.0,0.0,0.0,0.0,0.0,0.0,0.0,-0.1849933653427918,0.7871103354455556,0.5884171773613796,0
1731414686.0041175,0.45484684390281255,-0.11674185969282531,0.09440313333126764,-0.001080139609803002,0.010578427357959908,0.009432748423305356,0.9998989716117516,0.0003607446173644455,-0.0004345200783159453,0.0006038704096314168,0.0008255690608759577,-0.0016973055716139765,-0.0011930219635377499,0.0,0.0,0.0,0.0,0.0,0.0,0.0,-0.43092534550520567,-0.31007598963416094,0.8474409874755969,0
1731414686.1040342,0.45483088702423324,-0.11672903868552177,0.09435281389795022,-0.001105881678449936,0.01064318807448273,0.009445507659953813,0.9998981357910265,-0.00015947502404740213,0.00012813473749786404,-0.000502898658936632,-0.0005049762146165682,0.001299083609797348,0.0002510889705077464,0.0,0.0,0.0,0.0,0.0,0.0,-0.0,0.7793810359382328,0.19858033557282248,0.5942483076489424,0
1731414686.2039351,0.454827976942489,-0.11675726165807808,0.09434951617517745,-0.0010755485426369735,0.010652299763230271,0.00940999577945095,0.9998984066816575,-2.9083925789192086e-05,-0.00028206590450639856,-3.295808600094668e-05,0.0006155236693036399,0.0001771315396890611,-0.0007031442454688111,0.0,0.0,0.0,0.0,0.0,0.0,0.0,0.0861428170447535,-0.7372379453636864,0.6701191140293824,0
1731414686.303896,0.45483522737852067,-0.1167359577681608,0.09436780325986294,-0.0011209607583133447,0.010629526500592281,0.009450178138693435,0.9998982201936847,7.256359688337393e-05,0.00021321295343519782,0.0001830202536086966,-0.0009217729116702066,-0.0004480262395419596,0.0007941047469519642,0.0,0.0,0.0,0.0,0.0,0.0,0.0,-0.39885090134748236,0.464649004576325,0.7905815966998797,0
1731414686.4035554,0.45483742932213134,-0.11676040038573135,0.09439394350298122,-0.0010916943080364599,0.010598800900034405,0.00940814652363834,0.9998989750979892,2.2041739040338514e-05,-0.00024467374883825973,0.0002616671991382814,0.0005890365039868451,-0.0006198016740005079,-0.0008360206408442207,0.0,0.0,0.0,0.0,0.0,0.0,0.0,-0.5003792578157193,-0.4678831326733412,0.7284956914818169,0
1731414686.5039551,0.4548302553061546,-0.11673574528310578,0.09436577209192618,-0.0010868955182882583,0.010626393518812347,0.00944961051693121,0.9998982964681927,-7.172706025417207e-05,0.00024650600686369783,-0.0002816626704969333,9.235980650500464e-05,0.0005500279144681532,0.00083079427690566,0.0,0.0,0.0,0.0,0.0,0.0,-0.0,0.5800194973043948,0.5076224333573959,0.6371003436657944,0
1731414686.6036575,0.45480040359262364,-0.11675268232179081,0.0943499893416969,-0.0011000249598722136,0.01065198809013195,0.009427071396226195,0.9998982225305263,-0.00029867978138477014,-0.00016946266774608046,-0.00015791349408593897,-0.0002530858445783836,0.0005151011643748861,-0.0004532099008757025,0.0,0.0,0.0,0.0,0.0,0.0,0.0,0.6449923446600636,-0.6921645552495335,0.3238720484792245,0
1731414686.7039905,0.45483778505396966,-0.11672697876867635,0.09437200440329986,-0.0010806357783939005,0.010632634031387455,0.009459599988924029,0.9998981424564797,0.0003736697529070899,0.0002569359247946242,0.00022006530331345522,0.0003770045183791995,-0.00039125668779730585,0.0006539647021903658,0.0,0.0,0.0,0.0,0.0,0.0,0.0,-0.23394662977197112,0.273142984232407,0.9330926452303391,0
1731414686.8037002,0.4548497276302127,-0.11673900988842512,0.0943956617766561,-0.0011131803776063276,0.010588514888194567,0.009445726026860649,0.9998987060906395,0.0001192797020496491,-0.00012016405419997247,0.00023628439859068844,-0.0006553951142602137,-0.0008748938528813312,-0.0002850540494803772,0.0,0.0,0.0,0.0,0.0,0.0,0.0,-0.48399000692024036,-0.24613644307745985,0.8397443209635431,0
1731414686.9040189,0.4548348919213822,-0.11675849099049149,0.09437317207235764,-0.0010551488317553474,0.010620352776635374,0.009411829254085902,0.9998987509932865,-0.00014820211335491603,-0.0001946075195804846,-0.00022466211381225957,0.001172460454362997,0.0006258599783245646,-0.0006641458212576146,0.0,0.0,0.0,0.0,0.0,0.0,0.0,0.642747862175941,-0.5567630654372192,0.5262034536500196,0
1731414687.0040784,0.4548269313422635,-0.1167379851227386,0.09436769712308225,-0.0010972171262278992,0.010634249582825132,0.009441677967456964,0.9998982766099496,-7.97355184837725e-05,0.00020539284552676098,-5.4838713695880104e-05,-0.0008463835507609492,0.0002857874667452132,0.000589307513431654,0.0,0.0,0.0,0.0,0.0,0.0,-0.0,0.2120269980158137,0.7941256370905102,0.5695691570195788,0
1731414687.104021,0.4548222971167927,-0.11673361274082368,0.0943522211221164,-0.0010664194504189397,0.010649302311982842,0.00944554102903423,0.9998981132417906,-4.6321646670733136e-05,4.370437550956799e-05,-0.0001546911890954111,0.0006176345824395074,0.0002950244438661874,8.413643489338583e-05,-3.80281420813115e-08,1.970357066395815e-06,-4.832039239859901e-09,4.0614213712806686e-07,5.6389872460917514e-08,1.979771852667893e-05,-0.0,0.7689307316058482,0.21724338426425432,0.6012909794646089,0
1731414687.2038522,0.45482158484915125,-0.11672205625397432,0.09432249411823779,-0.0010937650929600897,0.010680473256316297,0.009457888848937541,0.9998976345143856,-7.114846241346028e-06,0.00011543782455019232,-0.00029694324087182024,-0.0005430035277014428,0.0006276756510483636,0.00024157931248909752,0.0,0.0,0.0,0.0,0.0,0.0,-0.0,0.6663735066606552,0.25905525824039477,0.6991685939734308,0
1731414687.303893,0.45484830377268076,-0.11674774782822742,0.09437417246617459,-0.0011105208590749553,0.010606859305998109,0.009427615979304619,0.9998986855357053,0.00026760484167052257,-0.00025731536873754916,0.0005175873235367301,-0.0003430039672802702,-0.001470815818076456,-0.0006117086167192028,0.0,0.0,0.0,0.0,0.0,0.0,0.0,-0.4821606042531462,-0.2397031921615706,0.8426526754089101,0
1731414687.4038835,0.45481303844974513,-0.11671679774762664,0.09434323629175226,-0.0010760406954477936,0.010659798557995226,0.009466027700415542,0.9998977973526593,-0.0003523662481891171,0.00030924894130002624,-0.0003091099926808908,0.0006908251514902711,0.0010506292033751576,0.0007762185531787901,0.0,0.0,0.0,0.0,0.0,0.0,-0.0,0.6377205126001017,0.6380071755573603,0.4315777933888436,0
1731414687.5037117,0.45484610738143216,-0.11670912987769758,0.09436956386171189,-0.0010679662849285424,0.010632493642710876,0.009477834881500679,0.9998979848829136,0.00033101952208436293,7.675526573840679e-05,0.0002635385898812272,0.00015393617602710153,-0.0005484141148144798,0.00023745044545687118,0.0,0.0,0.0,0.0,0.0,0.0,0.0,-0.32574717620844906,0.0948734342271601,0.9406847552023826,0
1731414687.6040564,0.4548040478081066,-0.11674852349320665,0.09433278606138511,-0.0010864680037950096,0.010674740445024873,0.009431322363860942,0.9998979546244591,-0.00042076968785972386,-0.000394099083533844,-0.00036793011293507756,-0.0003522835010843936,0.0008496917354032239,-0.0009335826597720458,0.0,0.0,0.0,0.0,0.0,0.0,0.0,0.6132766310296349,-0.6568958335958487,0.4386110322795769,0
1731414687.7040496,0.45483361924203186,-0.11673090786544238,0.09437237185075674,-0.0010907601463180552,0.010620464420787975,0.009443081061760795,0.9998984169393664,0.0002955264967005181,0.00017604438031368228,0.0003956064383519774,-9.852237493875515e-05,-0.0010842639839769876,0.00023282438186441804,0.0,0.0,0.0,0.0,0.0,0.0,0.0,-0.42671247179651534,0.18988652708099107,0.8842282359472741,0
1731414687.8041778,0.45481858274598197,-0.11674074980734989,0.09436177732928569,-0.0010769496703185784,0.010636097329091447,0.009435055849746863,0.9998983414998377,-0.00015039307197192955,-9.843781907220965e-05,-0.00010596502169235029,0.00028088696729455174,0.0003102694349955699,-0.00015722421217090194,0.0,0.0,0.0,0.0,0.0,0.0,0.0,0.6795845302227543,-0.6313103886729958,0.3736469716663972,0
1731414687.903795,0.4548158706292986,-0.11673893929115334,0.09436225745766806,-0.001067434007527464,0.010635303110311103,0.009453556670456241,0.999898185406229,-2.7096385021641688e-05,1.808861847680055e-05,4.796896677949535e-06,0.00018603466695633742,-1.803063463852747e-05,0.0003716752428221382,0.0,0.0,0.0,0.0,0.0,0.0,0.0,-0.24471222192450778,0.9227853581567462,0.2976291504747077,0
1731414688.004005,0.4548006587487319,-0.11676274038235122,0.09433758153007712,-0.0010762491457165936,0.010666942514020037,0.009404047207024549,0.9998983057897972,-0.0001523550596112941,-0.000238380563951773,-0.0002471425148643138,-0.0001600488622658731,0.0006364006246519991,-0.000992855466826183,0.0,0.0,0.0,0.0,0.0,0.0,0.0,0.6033834095480666,-0.5819916396261484,0.5451735434587941,0
1731414688.1037974,0.4548375272361347,-0.11672975708175778,0.09436703685811051,-0.0010885407946604855,0.010624074962525053,0.009447958961745355,0.999898334922899,0.00036816119785863403,0.0003293645145552449,0.00029413489991091563,-0.0002629014800624217,-0.0008546762203480464,0.0008733642798791492,0.0,0.0,0.0,0.0,0.0,0.0,0.0,-0.2824555706473442,0.31628630923383577,0.9056389022129745,0
1731414688.2039988,0.4547864163043295,-0.11675261200513594,0.09435085957699285,-0.0010943222148134758,0.010655022393745519,0.00942901959786284,0.9998981780892002,-0.0005116795183569657,-0.00022880420632494656,-0.00016195328706113265,-0.00010587774909830073,0.0006211139463756086,-0.0003797002345839853,0.0,0.0,0.0,0.0,0.0,0.0,0.0,0.5596953260445806,-0.790725814728745,0.2479794909370796,0
1731414688.304054,0.4548309163611913,-0.11674851667018257,0.09434287631864385,-0.0010960456221815024,0.010655328872417364,0.009422992606445687,0.999898229751885,0.00044504768136550857,4.095768531422962e-05,-7.984103546199446e-05,-3.312490294293948e-05,6.575346070580699e-06,-0.00012091065896172475,0.0,0.0,0.0,0.0,0.0,0.0,-0.0,0.08836678412411406,0.04533131259437093,0.9950559700650178,0
1731414688.4037135,0.45483279241193725,-0.11671563101833031,0.09434091526677349,-0.0010695613520493293,0.010653824593808297,0.009474585312352138,0.9998977869228423,1.8760257010316356e-05,0.0003288521283467166,-1.961025690670913e-05,0.000518334754583907,-3.613672652803687e-05,0.0010374287731498796,0.0,0.0,0.0,0.0,0.0,0.0,-0.0,0.040877674603457224,0.6854938392271834,0.726929991196257,0
1731414688.5039968,0.45482200188319366,-0.11674166128498685,0.0943658566973677,-0.0010903239710707661,0.010626256719974208,0.009445478350985014,0.9998983332321744,-0.00010780104059558499,-0.0002600511892638502,0.0002491733478395748,-0.0004138039079905699,-0.0005463443784411126,-0.0005866183798724962,-3.2366415728506177e-42,1.6759212596674843e-40,-4.103068678365216e-43,3.439609341284798e-41,4.7869608813750625e-42,1.6839326350757458e-39,0.0,-0.5549318946323246,-0.5791578449734083,0.5971823699051539,0
1731414688.6038177,0.4548335390070073,-0.1167346856575102,0.09435786118515821,-0.0010866904897219095,0.010634361638880393,0.009447467899187253,0.9998982322249634,0.00011543685128822294,6.979594608425856e-05,-8.000059363235263e-05,7.381058604639609e-05,0.00016146520513340453,4.077871914657303e-05,0.0,0.0,0.0,0.0,0.0,0.0,-0.0,0.27375068648653256,0.2388318297030231,0.9316758657220108,0
1731414688.703719,0.4548295164593547,-0.11673910937495915,0.09436682280089304,-0.0011130170694135257,0.010632097398241247,0.009444962189246177,0.9998982510171528,-4.026525900437256e-05,-4.428092448570983e-05,8.970478657444354e-05,-0.0005268929590993686,-4.029663317338609e-05,-5.581527410615441e-05,0.0,0.0,0.0,0.0,0.0,0.0,0.0,-0.7430684081052853,-0.3668004498257274,0.5597381270590035,0
1731414688.8039865,0.45481860547578423,-0.11674470540918605,0.0943542292514739,-0.0010976998419378208,0.010648788385351824,0.009435733101207138,0.9998981774669978,-0.00010890585286424747,-5.5855723381948106e-05,-0.00012570005547350073,0.00031084193981601685,0.00033049723541055684,-0.00018057707374510528,0.0,0.0,0.0,0.0,0.0,0.0,0.0,0.8226452772069561,-0.36554834341202436,0.4354642999349258,0
1731414688.9036756,0.4548335635754947,-0.11674745701885615,0.0943785843876343,-0.0010917012621757547,0.010608372617520042,0.009435373411538234,0.9998986170344205,0.00014961110334704114,-2.7521634879600338e-05,0.00024360038130879155,0.00011244149247005447,-0.0008096136725176188,-6.891685911161303e-06,0.0,0.0,0.0,0.0,0.0,0.0,0.0,-0.4863263250790311,-0.054944477012934256,0.8720480548575862,0
1731414689.004054,0.4548210443332834,-0.11676021194927003,0.09437923370871239,-0.0010881680563656715,0.010621244967735732,0.009414285396508399,0.999898683005478,-0.00012524479698215388,-0.0001276026650212051,6.495927247717742e-06,7.758872737173049e-05,0.00025730983387323836,-0.00042087430792765734,0.0,0.0,0.0,0.0,0.0,0.0,0.0,-0.046873940905424585,-0.9207676674150077,0.3872850840235399,0
1731414689.103936,0.4548282715287397,-0.11674296749749234,0.09438626292644225,-0.0010917917584200073,0.010606208807354545,0.009438079281278045,0.999898614352961,7.216294377703491e-05,0.0001721844125595423,7.018615269269468e-05,-8.023962182575175e-05,-0.0003000585174973814,0.00047403053281772106,0.0,0.0,0.0,0.0,0.0,0.0,0.0,-0.21322622069534003,0.5230979351934166,0.825168545816166,0
1731414689.2040124,0.4548431216318131,-0.11673686045204736,0.09437355918397797,-0.0011063340475284456,0.010615705335773126,0.009441952078444601,0.9998984610279925,0.00014830846405803626,6.099126217522947e-05,-0.00012687269060393896,-0.00028947200210686095,0.00019235561858974557,7.450010208329648e-05,0.0,0.0,0.0,0.0,0.0,0.0,-0.0,0.3340186964400537,0.16057215929628293,0.9287885077278984,0
1731414689.3042686,0.4548275896113343,-0.11674643322942654,0.09437120615314358,-0.0010820196783185416,0.010622165705845133,0.009438582823253354,0.9998984508355945,-0.00015571425059939556,-9.597063419966822e-05,-2.3590004501563564e-05,0.0004894111944631021,0.00012499732361249263,-6.222552954639277e-05,0.0,0.0,0.0,0.0,0.0,0.0,0.0,0.22921998215801026,-0.9325300068290707,0.279008935596792,0
1731414689.403787,0.45483322107115964,-0.11675183755379928,0.09436932771834365,-0.0010929699536746048,0.010624503803526279,0.009416998140454541,0.9998986176016205,5.6308879523699615e-05,-5.4037755652911125e-05,-1.878244045463739e-05,-0.00021393211205163773,4.924633551930046e-05,-0.0004339134726618489,0.0,0.0,0.0,0.0,0.0,0.0,0.0,0.1268414597474906,-0.3649274344858177,0.9223552524102223,0
1731414689.5037727,0.4548501758361875,-0.11672673615422137,0.09437106360436523,-0.001059387826154284,0.01061802249433657,0.009447295892245303,0.9998984367904911,0.00016946296455104822,0.0002508886192094427,1.7350189805431123e-05,0.0006635760500491706,-0.00013651389478258564,0.0006126111742792944,0.0,0.0,0.0,0.0,0.0,0.0,0.0,-0.03240289016703027,0.4685548955698844,0.882839941635129,0
1731414689.6040826,0.4548283774311014,-0.11672884437877419,0.09434658920706715,-0.0010752837999715818,0.010653305435779454,0.009460191876565585,0.9998979225989523,-0.00021808409039487692,-2.109192081413033e-05,-0.0002448562934597346,-0.00031410515287879915,0.0007087557254554581,0.000255468603643256,0.0,0.0,0.0,0.0,0.0,0.0,0.0,0.9087015768837244,-0.07827555270274757,0.41004192714661736,0
1731414689.7038183,0.45481245881574245,-0.11673316963365193,0.09434342138768258,-0.0010887225226479714,0.010659577015298651,0.009447926208625758,0.9998979571893725,-0.0001591039891072865,-4.323022382524595e-05,-3.166184303674342e-05,-0.0002648111050923505,0.00012814839193392075,-0.0002478970038475983,0.0,0.0,0.0,0.0,0.0,0.0,0.0,0.58309673608435,-0.7961445069209566,0.16171617255971885,0
1731414689.804085,0.45484378476947124,-0.11674219628355921,0.09437028925767749,-0.0010808408260665747,0.010627620752574026,0.009435678932311323,0.9998984215525767,0.0003135932946313672,-9.036267206463925e-05,0.000268964959355335,0.00015437267741767572,-0.000641062071679924,-0.0002442887299996466,0.0,0.0,0.0,0.0,0.0,0.0,0.0,-0.3407797122434405,-0.11448987800323046,0.933145891893697,0
1731414689.9039862,0.45481557594446576,-0.11676671765498121,0.09436944107217338,-0.0010844989638204403,0.010626542411985069,0.009410230214738224,0.9998986688788365,-0.0002821638671495813,-0.0002452794466589485,-8.484128702749157e-06,-6.796198178046886e-05,-2.0383924804400744e-05,-0.0005099067615079773,0.0,0.0,0.0,0.0,0.0,0.0,0.0,0.03237802337015659,-0.936061195484827,0.35034426199119917,0
1731414690.0039093,0.4548283675431402,-0.11672803014901506,0.0943477296271986,-0.0010820542812826825,0.010657008330210526,0.009451531952460741,0.9998979577315547,0.00012746178813409848,0.0003855013602593726,-0.00021634352905286724,4.5691537619338676e-05,0.0006058908942412525,0.0008243292398543919,0.0,0.0,0.0,0.0,0.0,0.0,-0.0,0.2942409871437589,0.5243064180591275,0.7990776066607509,0
1731414690.1037822,0.4548407419927758,-0.11671361058999288,0.09435995338307562,-0.0010893297295175646,0.010632244189252411,0.009460122596606535,0.9998981322238268,0.00012409284233732082,0.00014460150689584155,0.0001225816626587098,-0.00015243463029978064,-0.0004954696620964458,0.00017015716341352419,0.0,0.0,0.0,0.0,0.0,0.0,0.0,-0.3075113860204331,0.3627509110394984,0.8796866055634848,0
1731414690.204024,0.4548188651080485,-0.11676204411715971,0.0943460182045548,-0.0010729818230243255,0.010650916246232656,0.009408452670574542,0.9998984386983852,-0.00021901186283623496,-0.00048487328706757607,-0.000139506581711364,0.0003418118031926167,0.0003718007006902741,-0.0010306053574435545,0.0,0.0,0.0,0.0,0.0,0.0,0.0,0.23118684199346026,-0.8035199675099646,0.5485510968924193,0
1731414690.3036735,0.4548113616002298,-0.11674885901947235,0.09437202481797186,-0.001090232100759125,0.010633393498039599,0.009435270204333997,0.999898353840456,-7.502549067950405e-05,0.00013183412979012507,0.0002600329045657479,-0.0003539462250159982,-0.00034767697064241307,0.0005321996582316422,0.0,0.0,0.0,0.0,0.0,0.0,0.0,-0.7049040341011894,0.35737942502496645,0.6126909900404066,0
1731414690.4036453,0.4548147704748283,-0.11673840619521433,0.09433742565572006,-0.001065149238598685,0.010659579211196871,0.009443781014123366,0.9998980217143633,3.410975998526189e-05,0.00010459267899191734,-0.000346204908976189,0.0005050461337753991,0.000519128188687713,0.00017628855616809867,0.0,0.0,0.0,0.0,0.0,0.0,-0.0,0.644328172170653,0.19465931282311483,0.7395599762551095,0
1731414690.5040038,0.45481352710181727,-0.11674325364118682,0.09434598956692936,-0.001087803166952186,0.010661170923147743,0.009443125748415618,0.9998979865440859,-1.2416128634070453e-05,-4.840583815648855e-05,8.551787938156906e-05,-0.00045195211090459837,3.607967196049191e-05,-1.7868540202077602e-05,0.0,0.0,0.0,0.0,0.0,0.0,0.0,-0.6527970194237076,-0.36950386398463947,0.6613039739272286,0
1731414690.603682,0.4548224189307176,-0.11675558560190127,0.09436216814129436,-0.0010890460069574485,0.010641146177098526,0.00942490465631366,0.9998983704152397,8.890480747847516e-05,-0.0001233009097946062,0.00016176121417953764,-2.473162149616022e-05,-0.0003998445895852484,-0.000365101968657931,0.0,0.0,0.0,0.0,0.0,0.0,0.0,-0.4354190753847525,-0.3318939488008464,0.8368133815495953,0
1731414690.7038124,0.45482509951216993,-0.11674498061810128,0.09436039811530725,-0.0010770319195703396,0.01063992365360157,0.009432779106106222,0.9998983221834234,2.679114878032489e-05,0.00010599181701941731,-1.769057587299536e-05,0.0002382193520361479,-2.6861068463499002e-05,0.00015992446290139228,0.0,0.0,0.0,0.0,0.0,0.0,-0.0,0.10135565196865526,0.607265122089351,0.7880076797264189,0
1731414690.804203,0.45484375789774834,-0.11673298204651898,0.09438142926410277,-0.0010848906867007464,0.01060426495931413,0.009453659192837324,0.9998984953007661,0.00018675278488316656,0.00012009434836670417,0.00021050189955348268,-0.00016849328643468993,-0.000712746609554844,0.00041546797936740666,1.4301705098345024e-07,2.899891641721725e-07,3.0123119178664933e-07,7.326114554727722e-08,-9.7778691336607e-07,1.4113509772329392e-06,0.0,-0.3833664180073516,0.21871603179795956,0.8973257418456057,0
1731414690.9040372,0.45542311060179014,-0.11596424752032841,0.09507392142887519,-0.0011120220907802835,0.01054073108654408,0.009524184843952408,0.9998984679946704,0.005786854854639172,0.007678492037371534,0.006916946477604994,-0.0005689764695300572,-0.001265444108365172,0.001401662278768473,0.01345614054281337,0.016138052881204745,0.01573197190114582,0.0010574153011512046,-0.001305072781436181,-0.002497914675942736,0.0,-0.3384539871286514,0.37571726969381475,0.8627197875617227,0
1731414691.003955,0.45724922177641164,-0.11368289765553424,0.09719403205957057,-0.001092297471489258,0.010607625862648233,0.009471145192209252,0.9998982861114124,0.018288643103770586,0.022847893409722816,0.021233070146090313,0.0004189324069482432,0.0013372555792812153,-0.0010565672887155335,0.026566734214725354,0.03258641813270456,0.029588531613229916,0.0007274043243753459,-0.0003255946675217592,-0.00042827804486875176,0.0,-0.33839031054845636,0.3641256630858798,0.8677006967896174,0
1731414691.1039765,0.46070775105692335,-0.11004232653364834,0.10013010357597538,-0.0010757200105994834,0.010581768615666459,0.009491046106123918,0.9998983893592561,0.03456299379840821,0.036382238490052364,0.029341784724797162,0.00032217946865787647,-0.0005203598901673979,0.0004006434345543658,0.04034158264454021,0.03286167865382799,0.019532950219446156,0.0005510307305885969,-0.0012429362443483482,0.0026351416751205226,0.0,-0.2826455136344895,0.35046526929572885,0.8929085107891893,0
1731414691.2038276,0.4645355426051913,-0.10731331894987328,0.10134637172180153,-0.0010802900224469382,0.010561657673721792,0.009452910031087848,0.999898958321587,0.038244579594875684,0.027266309159371848,0.012152089089806362,-8.703407431341873e-05,-0.0004002648608007772,-0.0007634846161765665,0.04602490171541159,0.04156742894932861,0.016637732351723163,7.230234455449453e-05,0.003622804651457492,-0.000830356598757076,0.0,-0.1324446295255994,0.29717328341286925,0.9455931787695178,0
1731414691.3039682,0.46961465601239527,-0.10232717122360321,0.10323306913248062,-0.0010828530563160214,0.010514428838800998,0.009434181124626958,0.99989963018393,0.05079760111463751,0.049867825935620544,0.01886937636709624,-5.620321676739039e-05,-0.0009438551806615206,-0.0003762743690328111,0.04083708389449779,0.051281230649887405,0.008923148670909433,-0.00021266986939129536,0.0038942981479666403,0.0003168628258678752,0.0,-0.13937891940973143,0.3683494121374065,0.9191801931080775,0
1731414691.4038992,0.4735017421106471,-0.09708273989577612,0.10341900774426442,-0.0010951886802043908,0.010607632335285326,0.009462969213330816,0.9998983602905156,0.03889593680401653,0.05247814541383777,0.0018605856187805796,-0.00023528105898143497,0.0018670643876000038,0.0005757172919635477,0.03396404894588184,0.04247009345553307,-0.006026297750212026,0.0008757655363263994,-0.005509442293532394,-0.00396301647605618,0.0,-0.015940251326461735,0.4495975990567034,0.8930889694258333,0
1731414691.5037963,0.47678537202238325,-0.09307581500204942,0.10219837282670469,-0.001114349201983482,0.010626995121946346,0.009463954039048462,0.9998981241979009,0.03283656509353867,0.04006957350081235,-0.012206448047826534,-0.00037972376318855586,0.00039087466917116063,1.6091067079288527e-05,0.03266323462964194,0.037321521336462285,-0.011578081458787576,0.0012143170645498478,-0.005661447507519327,-0.0006925870071017859,-0.0,0.1275315369023054,0.41864220218332815,0.8991520525731058,0
1731414691.6037066,0.4802190410189676,-0.08888130113474656,0.10164389749366237,-0.0011047056718870095,0.010653395764578326,0.009430419763543533,0.9998981707989794,0.034340406971494306,0.04194967930631677,-0.005545353559492427,0.00020498104276202487,0.0005269350969534605,-0.0006680548896728549,0.03779728545161803,0.044966674608280334,-0.00045003371918303655,0.0016684761629393073,-0.007132569618586627,0.0035838163178591176,-0.0,0.05635570002981025,0.4263215172793988,0.9028144875769004,0
1731414691.7041466,0.4838257731958706,-0.08503551904617446,0.10199787687462158,-0.0011000297677147912,0.010556883591766836,0.009428668626679296,0.9998992160969367,0.03611531721984926,0.03850899741783944,0.003544504278553112,7.580601403662548e-05,-0.001933682478219342,-3.640808312023587e-05,0.04479511010346267,0.04680152768994161,0.00723998907055086,0.00015515747298877798,-0.0005366517590973906,-8.639428823029038e-05,0.0,-0.03651681967436444,0.3967342127519842,0.9172068939519226,0
1731414691.8039286,0.48898996187727267,-0.0795514920164773,0.10348830824521241,-0.0010444019765753552,0.010411800663081772,0.00947957692836052,0.9999003156578774,0.051611542323826726,0.054808046454139385,0.014895556012706111,0.001073579774210333,-0.002911551546414161,0.0010256498017669525,0.04796702966971275,0.05417211878176885,0.015442283196998804,-0.0013282809852351797,0.008123695350250504,0.0004024957690249853,0.0,-0.10612430615567912,0.3904833023172984,0.9144727564309136,0
1731414691.9041936,0.4942031345786718,-0.07385615175118902,0.10559100415122154,-0.0011220438620404396,0.010721179862805423,0.009444672178823808,0.9998972924692593,0.052141473298180384,0.056964050373178456,0.021030890154078906,-0.0014873195111972995,0.006204153250152947,-0.0007077512767918201,0.05103079891007622,0.05342862464601934,0.023607977008830085,0.0010249187586799707,-0.003752624022582753,-0.001070043339568283,0.0,-0.1445827664396761,0.391615377676529,0.908698640703242,0
1731414692.004256,0.4983750571808237,-0.06935542540145187,0.10748257347428526,-0.0011463408566091706,0.010721782147181341,0.009420623621161021,0.9998974853157786,0.0416970965384439,0.044983389912677064,0.018905659618964264,-0.00048036078750578496,1.7111549077694484e-05,-0.0004858970508553624,0.05555307191944075,0.06596475347381256,0.025697523429642443,0.000872853105606022,-0.0018492855186272741,0.0040144012678442476,0.0,-0.16216405612849336,0.385846837067349,0.9081987872845225,0
1731414692.1039135,0.504405424553235,-0.06218180661789906,0.11026062546660102,-0.0010495844405880449,0.010471938879277153,0.009449484027479763,0.9998999670568178,0.06026378813593528,0.07168874064253386,0.02776214554712724,0.0018803318419171513,-0.005012515238488056,0.0005908383677788341,0.04835909421545186,0.07390794698695624,0.015609896231529198,-0.002051981495300341,0.005790635718898627,-0.0028642432020571096,0.0,-0.1580437801254653,0.4081082113897543,0.8991495155756406,0
1731414692.204049,0.5092678800568301,-0.053884326102268246,0.1112054027973528,-0.0011449789139034794,0.010799369975900128,0.009411933967579464,0.9998967337332392,0.04856497067343175,0.0828731281154233,0.009436196038598053,-0.001836019323782616,0.006559343116318581,-0.0007630884224617457,0.045675164147081435,0.08014241203207405,0.006902268438369302,0.0014832386630027558,-0.0035167441450428714,-0.00421556686834873,0.0,-0.05638620877076043,0.49521030341973404,0.8669413768227903,0
1731414692.3040018,0.5141246144583876,-0.045376864117763135,0.1121988827637374,-0.001111981350587115,0.010655518444027338,0.00946482329278871,0.9998978150512187,0.048647187184485664,0.08521447981433597,0.009951132158523848,0.0006222743048124603,-0.0028891645280131684,0.0010629616644593682,0.047356901581064335,0.07804993313895428,0.013093077636875882,0.002073240334294227,-0.004757357562720187,-0.0009563047381821732,0.0,-0.058384835891321867,0.49996657066429634,0.8640744407492484,0
1731414692.4041555,0.5180422268637613,-0.03879663602136284,0.11329638102644837,-0.0010542181701301472,0.010534025540935273,0.009433842679473798,0.9998994577167504,0.0391641159441473,0.06578211151079265,0.010971618619124853,0.0011385116070734115,-0.002439422506912644,-0.0006102037879384917,0.04433198970284149,0.0759184368511927,0.011749168214329501,-0.0007680852297625386,0.002635452440904362,0.001634967283056149,0.0,-0.08173019481536081,0.4900265836593323,0.8678675720192607,0
1731414692.5042913,0.5226884595485698,-0.031564306534369715,0.11468175026162544,-0.0011104522793775006,0.010681760388416006,0.009468674220058808,0.9998975002965325,0.046455836503166745,0.07231319199387776,0.013851757122783073,-0.00110381836564655,0.002964311793522518,0.0006879378032320108,0.04649780103142212,0.06471133006187393,0.015782553352931477,0.0011628411143623253,-0.002026477231063982,-0.0016395472341673434,0.0,-0.0908488825881475,0.47427720763458053,0.8756755168730196,0
1731414692.6041636,0.5275905878311424,-0.02560668810684886,0.11590440340974195,-0.0011184781951981103,0.0106759225849124,0.009478827651841458,0.9998974574974347,0.04902413504990358,0.059579650619281596,0.012227242862154812,-0.0001637881601548619,-0.00011544563052118662,0.0002012243085194375,0.04792344132264864,0.04662338020944751,0.01033063379519912,0.0024364857751938878,-0.004747924656308858,-0.00251156752173623,0.0,-0.0867536875287374,0.4227244401020762,0.902096361504996,0
1731414692.703704,0.5326431794070677,-0.02107651934604505,0.11753040028824789,-0.0010904509013119283,0.010575052589300441,0.009411152968868373,0.9998991996093215,0.05059810356763193,0.045366411413537686,0.01628319986347261,0.0005567853809215781,-0.0020242148868543524,-0.0013519422086711954,0.04679887199675343,0.04450818158703911,0.014322278214062959,-0.0022655616955426948,0.006267938679805375,0.0014821621635032894,0.0,-0.12548359559422276,0.3496082140555045,0.9284546105769879,0
1731414692.8038518,0.5365118299471429,-0.01694252111913263,0.11808597233891874,-0.0011249724051993078,0.01077379253163449,0.009440058810018684,0.9998967672321158,0.0386270494873688,0.04127644832157417,0.005547182117577628,-0.0006579923863390247,0.0039746810128236144,0.0005745338703505054,0.04667813627834865,0.0528454671335331,0.003624911358587456,0.0020644540273569876,-0.005107989294647151,0.0018037028404533223,0.0,-0.05327580789133381,0.39642400134088984,0.9165204304620841,0
1731414692.903833,0.5410570006989182,-0.010938561046944278,0.1179029711548466,-0.0010712854164099412,0.010591594475769604,0.009435505155676172,0.9998988157391101,0.04544427510655928,0.06002978285089825,-0.0018297125912270509,0.0010401023037263373,-0.0036534581809615184,-8.415784994720043e-05,0.04082906565486847,0.0615621177066651,-0.009141333179968457,-0.0007585183078003239,0.0020401387078473705,0.0008873408593209342,-0.0,0.013566708259453188,0.4451008069361873,0.8953776946583815,0
1731414693.0042017,0.5455391708877066,-0.004327480887030706,0.11646989947380855,-0.0011022088027007138,0.010623938473689696,0.009443406444659205,0.9998983644059947,0.044873204659801165,0.06618676679886144,-0.014347183646939474,-0.0006146854553570271,0.0006533309031538085,0.0001523922680468825,0.04484543350592374,0.06574062034030818,-0.01659200531723876,-0.00043049242429463977,0.0012780346325713292,-0.0010369663708687527,-0.0,0.10022616239954212,0.4623657019472524,0.8810066254197441,0
1731414693.104082,0.5500641130885843,0.002605955880846335,0.11485875813655247,-0.001178242299162162,0.010805151358907566,0.009457062575791172,0.9998962068218046,0.04523587612567041,0.06931361171774153,-0.016106590254109213,-0.0014887459634301521,0.003637337326672141,0.000260992482638679,0.04378885911191302,0.07138138195670693,-0.007175448988158528,0.003580213283601559,-0.006164562670041585,0.0015480535484947155,-0.0,0.10896554164461612,0.4689257704461316,0.8764902352825144,0
1731414693.2040644,0.5545184658758602,0.01034825210103417,0.11439684219875493,-0.0010658140430109741,0.010507908496443213,0.009426811146249091,0.9998997865441662,0.04449625549588279,0.07734079611349533,-0.004614257237229153,0.002196574801638983,-0.005959170158969579,-0.0005883820800774127,0.034290170481530644,0.07637936787436667,-0.004195777711708973,-0.003133759080654458,0.005732080991786086,0.0007004407233479892,-0.0,0.02983667166100094,0.5001004107487687,0.8654532640143582,0
1731414693.3039985,0.5574308471043538,0.016959902022718742,0.11416512704296905,-0.0010892737530022662,0.010635037906298429,0.009440066302881318,0.9998982921275642,0.02914426864709917,0.0661629389837184,-0.0023187791089153242,-0.00044827736530461866,0.002548582664320589,0.0002632657388870269,0.031895003755376676,0.08839294034640634,0.0039317172745058125,-0.0002485092137705352,0.0019441798044930484,0.0013660726650568944,-0.0,0.019137418020908303,0.5460579733338917,0.837528775022074,0
1731414693.4037433,0.5606425407167182,0.026762847810742785,0.11498103987512763,-0.0011624550415203219,0.010705184835695962,0.009447618464172183,0.9998973898462107,0.032111301553560366,0.0980122596690363,0.008157696890512423,-0.0014515946673542505,0.00141640142923217,0.00013703380134717045,0.029432110346947187,0.09619830344811861,0.017463755406152436,0.00045802357074534476,-0.0003001795512188516,0.00030077291696350983,0.0,-0.048705767077166943,0.5851850533572622,0.8094357303583052,0
1731414693.504167,0.5637647481316157,0.03689838942003676,0.1169296291950755,-0.001008468496887629,0.010479994350020453,0.009512439859287616,0.9998993280313963,0.031228059943505457,0.10137484762373225,0.01948962897156001,0.0030233108136593985,-0.004535435114066748,0.0013232306113401895,0.025738817287110978,0.09669045434683524,0.0156798513049663,-0.0018721480213398714,0.005014616921892071,0.0003753964344096472,0.0,-0.11252386374226193,0.5852902360302016,0.8029780318889327,0
1731414693.604179,0.5662242803166724,0.04703911047804281,0.11846524988472323,-0.0011596000826966982,0.010713150157654132,0.009449483696025433,0.9998972902249642,0.024598805533406428,0.1014215739033567,0.015358381950529127,-0.0029655372038361978,0.0046935703295055585,-0.001286461364019981,0.024053560331577357,0.09879064251601198,0.014591541897967584,-0.002544512247607175,0.004479992048201981,-0.0003143358239558469,0.0,-0.09270846793715429,0.6122154509922921,0.785237149871967,0
1731414693.7039397,0.5684493632001834,0.05505902506221337,0.1192996492750165,-0.0011662690680024226,0.010692161281731788,0.00943077101172528,0.9998976837965526,0.022243902751110146,0.0801741820066542,0.008341396642260194,-0.00013326476426769177,-0.0004179967330379162,-0.00037608542976800587,0.027884981091106632,0.0895409157936248,0.007645331440329914,0.003807202034308786,-0.005342801903195587,0.00018995119128076277,0.0,-0.06268963066601475,0.6025477596261533,0.7956168723553204,0
1731414693.8038726,0.571446822735437,0.06370981343555865,0.11977990785269577,-0.0010572585034999216,0.010556929157168568,0.00948098424554099,0.9998987670704286,0.02994485262766412,0.08642204503721956,0.004797820341738197,0.0021415022732245216,-0.002723734143059956,0.001022806321154576,0.027173532668210206,0.07345822609045724,-0.0011087112169878722,-0.0015855295853249708,0.002912215014343482,-0.00033846945695403807,0.0,-0.03215585742691354,0.5792161358322854,0.8145395440521322,0
1731414693.9042978,0.574598463618609,0.07100979395835555,0.11884245547500999,-0.0010883494339807172,0.01061881559736874,0.009438217142802397,0.9998984830011416,0.031582852837519486,0.07315370599464054,-0.009394287478855786,-0.0006023176943985388,0.001247060962503193,-0.0008623090230993261,0.034202550384715306,0.07038118029361758,-0.013979825289822086,0.0016950557195689248,-0.000980271535518568,0.002959291439156325,-0.0,0.07013337008490608,0.5461314599060395,0.8347584913622811,0
1731414694.0038216,0.5785212937265164,0.07843731637388317,0.1175857820799881,-0.0010557859893023146,0.010566318231178337,0.009442538337237232,0.9998990332552244,0.0391790181838906,0.07418191147065635,-0.012550946240452497,0.0006395780269265509,-0.0010548745061909194,9.193477925070908e-05,0.042493805087813634,0.0714801228952431,-0.007034457635318379,-0.0026176419567818816,0.003981509000055116,0.00015381857843305147,-0.0,0.08653198179046875,0.5114441325445096,0.8549486039600322,0
1731414694.1038442,0.5824471296003763,0.08468678310144181,0.11730657560393795,-0.0011532176096401762,0.010716948604540706,0.009451148300825598,0.9998972411690854,0.039267945614841024,0.06250992844951814,-0.0027927465816519224,-0.0019222922228864364,0.003031655290581708,0.00015485768618120718,0.05429227098907626,0.0856754271219774,0.008240787414249164,0.005624790922518585,-0.007269563845607375,0.0012100441207399532,-0.0,0.021600429132391782,0.48348149037784277,0.8750880355274642,0
1731414694.2038066,0.5882461963740878,0.0941071550434505,0.11846544804311178,-0.0009739997127753718,0.010467929897731364,0.009410885322593484,0.999900449547684,0.05800621224187216,0.09422897089970861,0.011591830770548168,0.0035467678959472215,-0.005014704450275933,-0.000774209682154695,0.05571714591721016,0.09580127505028878,0.010232309846577652,-0.0008890006890806034,0.0012802933410711818,-0.0003279649454083766,0.0,-0.059729799014583175,0.48553827299571994,0.8721725383007718,0
1731414694.3038473,0.5941306520983488,0.10469761356974158,0.11951178610493104,-0.001017310589617204,0.010516154594715678,0.009469689200235274,0.9998993452133846,0.05876419309505894,0.10575995112654864,0.01044909075514864,-0.000868143182260492,0.0009703592380481969,0.00116640287117003,0.04891139634405375,0.09464505033488498,0.006562255620502659,-0.0023148367640465238,0.0034448706331339065,-0.002606865312530765,0.0,-0.04994606952234209,0.5055266525504456,0.8613641469787389,0
1731414694.4042323,0.5980961803557061,0.11251821848832734,0.11982059915412267,-0.0012326220931122367,0.010791071660551318,0.009445520438467792,0.9998964024131894,0.03973100669385093,0.07835538828750249,0.0030940274607342425,-0.004256964336084682,0.005550144310194674,-0.0005246374820883198,0.04590826523813688,0.08671668280465444,0.0028639980882261534,0.004436921403899986,-0.0063354841875871695,3.450494552798e-05,0.0,-0.02065409608983927,0.5230592615563571,0.8520460182495017,0
1731414694.5041554,0.6029561968302026,0.12169962527239163,0.12020344735353707,-0.001017661939243619,0.010517118575743292,0.0094311416828936,0.9998996990436582,0.04850018791260779,0.09162519441363445,0.0038206063109128023,0.004241515386542519,-0.005508052297732813,-0.00024918798297350484,0.04298067315464094,0.08278839405417443,-0.0009869818453421392,-0.003759439001249192,0.004830652541499196,-0.002980973141107013,0.0,-0.02149703674897469,0.5155386373665036,0.8565966324900548,0
1731414694.6052072,0.6077113027975153,0.1299989387904133,0.12006504069227603,-0.0010641004821110914,0.010583537103181648,0.009486854742117292,0.9998984228508672,0.047659963165559496,0.0831832096460901,-0.0013872364617979692,-0.0009299454951151625,0.0013392426694586958,0.0011084448058327342,0.04469111356312833,0.0719866947630597,-0.001856157643185816,-0.0005924598233574495,0.001633353293150649,0.0021302683536078004,-0.0,0.008361566735598113,0.5013867339065996,0.8651828865992431,0
1731414694.7041929,0.6122572991992,0.13568739180224165,0.12024133705410184,-0.00114656406683387,0.010677255583507005,0.00946050493563405,0.999897584980786,0.04543130322489492,0.05684866656849214,0.0017618521362194623,-0.0016247889084339,0.0018893277603410467,-0.0005420559589533702,0.059391668531168285,0.06420821232062048,0.008962037319055248,0.004497502273120549,-0.004584170514762473,0.0008074570288145178,0.0,-0.013429330621506733,0.4333164645577164,0.901141772765118,0
1731414694.804303,0.6182598921175213,0.14277454283559574,0.1218915728170075,-0.0010254370682209824,0.010515151518956586,0.009437338873760852,0.9998996533164386,0.06006049640131162,0.07091232321204229,0.016511860865459197,0.0023980669231788597,-0.003266405189922008,-0.00044216200509995557,0.0531256073531443,0.07093375497531466,0.024880482770224505,0.00019363452953233946,-0.0003433160545918202,-0.0010289147402644944,0.0,-0.09670372457504321,0.4153066591796935,0.9045268202183482,0
1731414694.9038672,0.6238538882318192,0.1501996548862901,0.12536643993588267,-0.0009664892400686002,0.010484026182374569,0.009446582330205944,0.9998999515830744,0.055931480252628236,0.07423986351643877,0.03474340304654771,0.001170841880499343,-0.0006337381894807175,0.00019648594211113397,0.049798726123767165,0.06610664426392876,0.037336601378927414,-0.0018281575585322566,0.0023194513821303054,-0.0010666178729828238,0.0,-0.1979870073964503,0.4230595485263251,0.8842068554941767,0
1731414695.0041277,0.6287976068304699,0.1566069769733371,0.1290850714098367,-0.0011656408108982619,0.010726732744110318,0.009421472022322012,0.9998974019123508,0.04944654621770627,0.06408535222764643,0.037193355441725265,-0.00393243868364281,0.0048931119278003395,-0.0005398048799133525,0.04589869934092286,0.05484360672625718,0.042582035331730134,-0.002730461401030263,0.0027551409151797233,0.0004844177223948046,0.0,-0.2367521446633895,0.40793158888759373,0.8817824225878677,0
1731414695.1041622,0.6326019906242264,0.16126859642818606,0.13304318915238464,-0.0010577921407705702,0.010561680664737089,0.009438184132929062,0.9998991212405359,0.037919474196432164,0.04646380812625418,0.03945178818480556,0.002115110732565241,-0.003310961807725882,0.0003516675925314788,0.035401425783898606,0.05997847269351615,0.05194542694708811,0.004581765760441798,-0.004765832918197148,-0.0006052900373840209,0.0,-0.31435340119479044,0.37022545210195346,0.8741367477535602,0
1731414695.204181,0.636042556531352,0.16831432431575227,0.13849561852858827,-0.0009966380315659818,0.010536359045537963,0.009477655367491778,0.9998990778570768,0.034506967386667205,0.07066474207863599,0.05468484189566096,0.0012133819795038623,-0.0005203269685890929,0.0008040646040105547,0.026215959065543946,0.07076253574610246,0.04343939215279265,-0.0035611193040486944,0.004201498027433245,0.002147125218029247,0.0,-0.3461357021050973,0.44728281669229913,0.8246988284337589,0
1731414695.3040743,0.6388414082732436,0.1757458311945171,0.14280961192512284,-0.001283469572181169,0.010815458418204726,0.009442026357615476,0.9998961079548833,0.02798714297032523,0.07431141935384368,0.04313781546722811,-0.005675637055931339,0.005636635355481263,-0.0007683873672241995,0.030682677344194775,0.07728713247471815,0.04569076045288468,0.0043448500910468575,-0.0050129384409321655,-0.0003825386039415929,0.0,-0.29494641201395566,0.5080898574182943,0.809228837121337,0
1731414695.4039497,0.642196316024827,0.18354793118072876,0.14785113849904669,-0.0010333579928812145,0.01053884543044062,0.009439510287178862,0.9998993752142212,0.033575285712354484,0.07808194906992175,0.050454649629646346,0.004953972966819309,-0.005583915973496177,-5.317352011808142e-06,0.03558755611230971,0.06550905482888605,0.050212291784843856,0.001544273717744697,-0.0014542941673119445,-0.0016253438656355715,0.0,-0.3118477972347223,0.48260534955615625,0.8184393856234142,0
1731414695.5039318,0.6460995281997349,0.18983949155570623,0.15317582330089877,-0.0010160855174075401,0.010515666606876061,0.009471448296680219,0.9998993349298706,0.03896434327395462,0.06280635210029621,0.05315438596413619,0.0003337106949668772,-0.00046664128134509463,0.0006407427338618328,0.04074062553308651,0.061929851601163696,0.05400270507388491,0.001673304432013091,-0.0020242750931208416,0.00043690383990001996,0.0,-0.3454855046291927,0.4082200152576293,0.8449829496706859,0
1731414695.6041584,0.6499378079082136,0.1946779121826705,0.15836997305334707,-0.0012026716951643586,0.010721975842259741,0.00946489338618927,0.9998969989994068,0.03839574105701234,0.04840052305397464,0.05195901394726497,-0.0036922152992514196,0.004163111505353195,-0.00016651570346819526,0.049500720633876165,0.05187676843412514,0.06748798246559264,0.0008255828888966783,-0.0005171777944565115,-0.00019138720151387276,0.0,-0.37466798747789115,0.3490082891856822,0.8589628124889633,0
1731414695.7040992,0.6549885358743619,0.19994152447565022,0.1649006735984302,-0.0011062938435102494,0.01062188037017666,0.0094614564866563,0.9998982111257548,0.05044550863170788,0.052571748298288506,0.06522713417276528,0.0019068469962112285,-0.002017649146183,-5.083137915874898e-05,0.046601264957648526,0.04604417386587982,0.055546534801646084,-0.0011228523412529544,0.0014259004695339253,-0.0008936335985058374,0.0,-0.38307654561756854,0.30875193262121614,0.870588653900552,0
1731414695.803912,0.66008019923148,0.20410998914730022,0.1699181186239974,-0.0010328928334044384,0.010555659621411136,0.009386615400193688,0.9998996962864226,0.05097501831816171,0.04173244539015203,0.05023198396082133,0.0014730581041618718,-0.0013382530466487207,-0.0014846212373100518,0.049486873558503994,0.03293856130228234,0.03679903442185885,-0.0016804425467846632,0.002295776370041525,0.0007439844969361446,0.0,-0.3373427983848059,0.2802624702686497,0.8986950451275574,0
1731414695.9037576,0.6646959143851334,0.20673190848272532,0.17304686066035524,-0.001186902187427861,0.01072347282696006,0.009426387087497816,0.999897365543186,0.046177232629688106,0.026230600255384106,0.03130103224347023,-0.0030580188707531168,0.0033861001270285543,0.000766560858415572,0.059111041168139145,0.031573781004464216,0.041641796726145326,0.002387776569425105,-0.0019854719749168082,0.004953091148508074,0.0,-0.2714808719286994,0.2275038782476699,0.9351684990198839,0
1731414696.0040472,0.6709882349465626,0.21013344183358426,0.17738741948601597,-0.001057128839848169,0.010578864398552105,0.009475953112423153,0.999898583066935,0.06281423986796528,0.03395642827377002,0.04333042167421637,0.002552759972182935,-0.002912852135600147,0.0010132581246146163,0.06455270685528645,0.04192833452947915,0.038792542495790346,-0.001052198442674852,0.0002457312231338842,-0.003000760908305311,0.0,-0.2771372862791571,0.21718210947218197,0.9359630633091445,0
1731414696.1039412,0.6776582327170474,0.2144189487811781,0.1812734104478397,-0.0010342557363912097,0.010542657755873258,0.009445609384695177,0.9998992765003213,0.06671881175821949,0.042867170449484494,0.038870882479652556,0.00045713951847048455,-0.0007280912307914424,-0.000603057368856986,0.06502577566152547,0.03581198529162149,0.02640546446478462,-0.00035779281001892943,0.00012738554519216077,-0.00021601380420136623,0.0,-0.23489307012016342,0.25904226073371517,0.9368683753673671,0
1731414696.204376,0.6844081570561124,0.21824837277075304,0.18366090842323154,-0.001025342618540927,0.010539924106990875,0.00944255848159885,0.9998993433149435,0.06761150214824145,0.03835792748064197,0.023914686503654733,0.00017866947734830412,-5.6395355206783364e-05,-5.930068692336973e-05,0.0563017172298757,0.039045148027173744,0.012980402137960626,-0.0037063442556296796,0.004010875387794665,-0.0010011403305779862,0.0,-0.15364439390116041,0.24643770756381167,0.956902218888345,0
1731414696.3038428,0.6897489867224155,0.22275992775096945,0.1844864614258464,-0.0011476119355617103,0.010699206327122483,0.00948922150541619,0.9998970770264488,0.05342732694261484,0.04513162523575681,0.00825847161115177,-0.0024256604890468213,0.0032091888026494525,0.0009110222920632111,0.050254215148799256,0.04456886426576087,0.008569166456456076,0.0013248546300492607,-0.001824115461854094,0.0016562615725316363,0.0,-0.06252789655774632,0.34170797298785,0.9377237990733724,0
1731414696.4039721,0.6933541472472782,0.22692717886696956,0.18499775580609493,-0.00101728891283813,0.010542222312501879,0.009513957622093719,0.9998986505053132,0.03599808401727185,0.04161064528480455,0.005105353265357358,0.0025672431463435994,-0.003160362775366094,0.0005174804701276739,0.03371225349326698,0.05102060490734225,-0.0017202606737631663,0.0005161747825112896,-0.00025639216647610095,-0.009196444007460225,0.0,-0.050837774982884484,0.4143479426263456,0.9086975861506974,0
1731414696.5039575,0.6967878794603677,0.23232524105825964,0.1844969160142945,-0.0010852249328102957,0.01060480115550834,0.00939130268806503,0.9998990768638196,0.0343164916772821,0.053947875013288946,-0.0050053596146646395,-0.001320160299861639,0.0012658511865214312,-0.0024645695606428865,0.033450098550324756,0.05480342857212096,-0.004624307104994535,-0.0007045539975055668,0.00024175208967849523,-0.00042547858045280385,-0.0,0.04454228331809346,0.48007770035360603,0.8760943936699994,0
1731414696.604348,0.6999346813318964,0.23843165570551644,0.18494254984641867,-0.0011430559870370342,0.010660585163216421,0.00946477971010017,0.9998977264160708,0.03148140901779878,0.061090130548695665,0.004458234586740884,-0.0011620523754826248,0.0011256848899907405,0.0014591460962996698,0.029022271021052485,0.059124312533475123,0.017211600383821045,0.002545576010844355,-0.0032784688468495576,-0.005935823507523821,0.0,-0.03792064278901434,0.5196175691070655,0.8535570319115953,0
1731414696.7038336,0.7029618937395226,0.24415024474975033,0.18699516435670915,-0.00108260403066128,0.010598016391554825,0.00944194117807222,0.9998986747485301,0.03029945964276207,0.05723752899624874,0.02054468010239963,0.001203076118840901,-0.0012634839385350896,-0.0004459229385188876,0.028544613484565037,0.049671115131668844,0.018201125213723694,-0.0027540216066574237,0.0031340404587772304,-0.003366025665049316,0.0,-0.177812149987738,0.4953850846097985,0.8502802227871004,0
1731414696.8041954,0.7059674579623285,0.2492499279634662,0.18877836674506376,-0.0011105071723972579,0.010671198839246011,0.0094966859596307,0.9998973473536856,0.030074241642803555,0.05102839064535334,0.01784305892333724,-0.0005560829269909704,0.0014688045547996836,0.0010913397020415037,0.031168018659930616,0.04923871369792537,0.019259549727267015,0.0014368257719383506,-0.0018746970635408282,-0.001254167595413025,0.0,-0.16730437444263446,0.47846465185233333,0.862021358911822,0
1731414696.9039674,0.7089095777207989,0.2535207648797917,0.1905128686091859,-0.0010084869238914595,0.01054055466202584,0.009486740405436277,0.9998989356020042,0.02939732548654228,0.04267371597219965,0.017330945047295685,0.0020159264314825514,-0.0026299566359468604,-0.00018043938316251188,0.03756867610559015,0.04370966694491478,0.015391528890804038,0.0010555202252055516,-0.00040327227532748307,-0.0013949311202487678,0.0,-0.18084684631109343,0.4452963720609029,0.8769296204421023,0
1731414697.0039306,0.7125851019543081,0.2581061096917896,0.19180800194882758,-0.0012544578448130592,0.010780357140444964,0.009439996707216394,0.9998965429971284,0.036752911465447395,0.04585054027871457,0.012950512074941006,-0.004863546220549834,0.004843135402843591,-0.0009824578077606686,0.0368841983046388,0.05379902531004122,0.01569115597653495,0.001853849154708802,-0.0024707182179512913,-0.0018949010417760558,0.0,-0.11990917350761728,0.4245315056179681,0.8974379036158776,0
1731414697.1042542,0.7162813021174362,0.26367244506819765,0.19349125631868266,-0.0010855829239171302,0.010600036729491433,0.009456528453355085,0.9998985122504482,0.03700306022690883,0.05572518643094427,0.016851241836492635,0.0033432335048532817,-0.003642860590200888,0.000361909463218122,0.028934417620909,0.043028116338725976,0.011566084417002114,-0.0027599842503175705,0.0029074889747901693,-0.0004118742225650007,0.0,-0.13935668068547272,0.46083707580401456,0.8764752735318505,0
1731414697.2043295,0.7192774680254033,0.26786352278563336,0.19448138857284783,-0.001054036122475988,0.010576729487540898,0.009429302995633097,0.9998990499276497,0.029881538904666775,0.04179870398132014,0.009874845513370478,0.0006305693500380683,-0.00047030883375687974,-0.0005369488870741638,0.027723414688948962,0.03485083036545911,-0.0005357286713657326,-0.0009619338104054342,0.001070080929264189,-9.359076015297285e-05,0.0,-0.10647080888233476,0.4506745768426136,0.8863161922495112,0
1731414697.30412,0.7214663370837636,0.2705839561431316,0.19405395289163857,-0.0010422604400228497,0.010562551275939759,0.009417565137718454,0.9998993227673451,0.021917818268191055,0.027240534883816045,-0.004280044777599786,0.0002356212254231727,-0.0002859438768333451,-0.00023290571596158228,0.013367339671125545,0.03379425866905643,-0.00650649664103456,-0.0028299789691430604,0.0037492852982774242,0.000900915347873274,-0.0,0.06745796847699495,0.4293392333431264,0.9006204778935982,0
1731414697.4039602,0.7220600915018013,0.27422256816669177,0.19352657427604847,-0.0011678630770814236,0.01070960642628559,0.009425699020282442,0.9998975430632913,0.0059347764973570775,0.036369159478079345,-0.005271327872147841,-0.0024846778708350996,0.002963306129380596,0.0001390948415712548,-0.009158338024206994,0.03938745337286139,0.00046694287203946107,0.000946694345230968,-0.0010550614216820735,0.0012223975294805012,-0.0,0.09299179704871452,0.6415904263681956,0.7613896837193997,0
1731414697.5042546,0.7212764970716247,0.27742667851891184,0.1936314303124435,-0.001104647273514259,0.010626872236280484,0.009414699991830141,0.9998986012416152,-0.007846971179546497,0.0320861923231008,0.0010500359164215937,0.0012527484056923347,-0.0016687329997725291,-0.00020894748257779353,-0.004282250089606456,0.01692724384358795,0.0006932676082585152,0.00174556395832764,-0.0021186202073554534,0.0002666425036012242,0.0,-0.025727661608737105,0.7861661544062393,0.6174794450783373,0
1731414697.6040807,0.7210310790915416,0.2782443790456625,0.19375947955027475,-0.0010683550376222194,0.010564279884197204,0.009487929888862367,0.9998986117574451,-0.0024505830800438224,0.008165021465501836,0.0012786157539703567,0.0006973053863840342,-0.0012583782513677481,0.0014685786315289952,-0.0001188707267968007,-0.00014458575873492995,-0.0001493018768232215,-0.0004967957971515003,0.0007090110589157226,0.00015772755182101505,0.0,-0.12397596054217278,0.7916892748190851,0.5982123814700567,0
1731414697.7043989,0.7210358411920251,0.2781706850450336,0.19370246816034475,-0.0010981134588282453,0.010603261396524165,0.009402223307802316,0.9998989764928549,4.762468384184574e-05,-0.0007369969393025497,-0.0005701579440011806,-0.0005697063109924147,0.0007869641748735241,-0.001719636903554695,6.026063335369744e-05,-8.30450553347941e-06,-7.726801918680946e-05,-1.492504636547809e-05,9.659962695983182e-05,-0.0006511581887912498,0.0,0.4214850607458827,-0.5448195592111605,0.7249289561529435,0
1731414697.8041449,0.7210136992696423,0.2782845147907498,0.19369347040595875,-0.0011266629059315531,0.010618981026802105,0.009465848461376759,0.9998981776088779,-0.0002217244541461899,0.0011398666203485564,-9.010157949645336e-05,-0.000582266882516876,0.000318977414492534,0.0012685526938245818,0.00028862611621558154,0.0008577123360251684,-0.00039357801490998634,-1.7059638781697243e-05,1.3754216560265118e-05,0.0005715636886447376,-0.0,0.060792672493494467,0.7690823903907684,0.6362519373345125,0
1731414697.9040258,0.7210367229857353,0.27828927233149053,0.19368265129291445,-0.0011013024493586397,0.010614242674228825,0.009451056433706745,0.9998983960971508,0.00023033678158777273,4.759599267435019e-05,-0.0001082379433534143,0.0005096287408709061,-9.930720605555056e-05,-0.0002907007766192321,-8.348424904491399e-06,1.0840085194940185e-05,1.6859898236642177e-07,-1.4272260632578418e-06,-1.7221860183204803e-06,-4.008932626141753e-05,-0.0,0.21504159744536028,0.09456127841666967,0.9720160883402871,0
1731414698.0040503,0.7210624915559934,0.27825133163558535,0.19371953585262913,-0.0010652273314426326,0.010582665933919677,0.009419646921822277,0.9998990662683566,0.0002571488785826269,-0.0003786165591229839,0.00036807719918576285,0.0007206582704164052,-0.000636389079555706,-0.0006200190731325269,-3.092620268024568e-06,6.518840698986444e-06,-5.080072363757158e-19,-5.01412074668653e-18,5.235345957118953e-18,1.1218257895961839e-05,0.0,-0.3695627992256362,-0.380144697178191,0.847887579007862,0
1731414698.104262,0.7210481098976893,0.2782888033424056,0.19368561510981408,-0.0010470824874748747,0.010614716382732757,0.009447948055889215,0.9998984786926679,-0.0001441015366250109,0.0003754595206313184,-0.0003398795229131076,0.00036363302355870716,0.000638299186938657,0.0005717416328250059,0.0,0.0,0.0,0.0,0.0,0.0,-0.0,0.535556535023622,0.5916208137150598,0.6026309074156604,0
1731414698.2044165,0.7210450279103212,0.2782941592027444,0.19370695893552534,-0.0010949203702916937,0.01060384891246908,0.009458776847301445,0.9998984403819107,-3.076269444550091e-05,5.3459237634228414e-05,0.0002130422711822718,-0.0009592329287393276,-0.00020810985745273953,0.00020580527073017234,1.6130674402065755e-22,-8.160862806466073e-21,1.9483929547412377e-22,2.6900514951702155e-14,5.074091426660872e-16,-5.725096852531137e-16,0.0,-0.7318633305190251,0.18364832239570195,0.6562387973313104,0
1731414698.3040822,0.721026035751825,0.2782940416456693,0.19366513696718188,-0.0011221956481068647,0.010632825906760665,0.009466009539526633,0.999898033978246,-0.00019000965253596996,-1.1761158692437176e-06,-0.0004184136139605187,-0.0005417582245853225,0.0005848434955259946,0.00013961500943841332,0.0,0.0,0.0,0.0,0.0,0.0,0.0,0.8406749484053104,-0.002363047268792801,0.5415348992736609,0
1731414698.4039345,0.721028658547872,0.2783105327295158,0.19366504491733527,-0.0010891527301301845,0.010622171122961668,0.009481088398490873,0.9998980408970433,2.620131137834784e-05,0.0001647432797225537,-9.195631875391559e-07,0.0006548978698918785,-0.00021945643847899387,0.00030801229890170886,2.5235306830050382e-06,2.4308429787524146e-06,-1.4515062526098157e-06,1.810752431451275e-05,-1.8881108412309712e-05,1.3985558216553652e-07,-0.0,0.0036236704113779676,0.649194483090986,0.7606138258912845,0
1731414698.5043397,0.720901118142829,0.2788297278515448,0.1922839470928594,-0.001191407042832432,0.010717681957814201,0.009496559820583275,0.9998967582677141,-0.0012776289262187686,0.0052010083081681854,-0.013835070775357658,-0.0020335949258361847,0.0019327421732734532,0.0002903070784399825,-0.003001348479096946,0.009915925356875398,-0.02463197553856405,-0.0002511293521194682,-0.00015102524321188856,0.0030571620219036182,-0.0,0.689794296467817,0.25931387884522034,0.675973476401786,0
1731414698.6043622,0.7206155945134437,0.2801762961831785,0.19068236455013116,-0.0010312251898001114,0.01055692606457046,0.009508277466707061,0.9998985351255851,-0.0028541842415413265,0.013460721694320601,-0.016009924169233636,0.0031690934559860337,-0.0032447154449629016,0.00026388451534383416,-0.007094645533455364,0.02636934330604858,-0.01093869749559789,0.0027464130308891633,-0.002606429240131762,-0.0015610701923429449,-0.0,0.5766568720464522,0.48483787841115694,0.6575705920883095,0
1731414698.704149,0.7201968338318424,0.2830699167558077,0.18996662057352048,-0.0011405303581999819,0.010668709764445151,0.009473307803459221,0.9998975618840787,-0.004177233200400057,0.02886452443225275,-0.007139709226405143,-0.00215199786094031,0.0022514910064976496,-0.0007183697683117744,0.004353697269526302,0.031014704658081697,0.008732797003619052,0.002649221898995067,-0.002576473675468921,0.0016223665502815357,-0.0,0.18121344295425534,0.7326124476135536,0.6560797891219811,0
1731414698.804431,0.7209108370977738,0.28632432760453913,0.1911774390482675,-0.0010836407117785702,0.010601108857383634,0.00950978955771086,0.9998979978559662,0.007160251993701441,0.032636267759300785,0.012142473027078275,0.0011202067943716885,-0.001367486385496947,0.0007420938940919653,0.01366890285071868,0.033367426121648176,0.01931534908963533,-0.0003711763166830621,0.0006005586038933139,-0.0017269556063844935,0.0,-0.22034398036631855,0.5922356283064059,0.7750519278608654,0
1731414698.9039292,0.7228013013980863,0.2899876181627128,0.19393338432920953,-0.0010775871268119744,0.010606845325554141,0.009508566137543908,0.999897955197545,0.018894660387202406,0.036613561538768824,0.027544900012396744,0.00012234410056241243,0.00011354200730216711,-2.3037107895826296e-05,0.021112023093096684,0.03231314946085167,0.032603124540846865,0.0016472740081545153,-0.0012662495933924867,0.00015857188053983,0.0,-0.33438921472897315,0.44448083259949117,0.8310358852207309,0
1731414699.0039704,0.7246449989248595,0.29252397773731753,0.196533972555035,-0.001129545955456194,0.010684709904450633,0.00949277304746414,0.9998972188980532,0.018460319634131316,0.025395710399547362,0.02603881015641406,-0.0010222466785060334,0.0015694784313791956,-0.00032552548245213354,0.02370839821370928,0.023282062460701202,0.030212255998369665,0.0007188346160212653,-0.000633843082609831,0.0003912808398859388,0.0,-0.3745351960547315,0.36528502325213563,0.8522266357630056,0
1731414699.1039453,0.7272694234378606,0.2947434769348411,0.19965841696472503,-0.0009780339487737535,0.010513109363621553,0.009397780384559119,0.9999000948619553,0.026255537899417477,0.02220454237095484,0.031257888427291824,0.0030193362153694042,-0.0034600978299648088,-0.0018730309557788414,0.026745413662101536,0.01286622669081871,0.017975367117663187,-0.0036082082383626715,0.0043106466560489725,-0.0023080278523951968,0.0,-0.38020312619694774,0.2700833885451631,0.8845906093001611,0
1731414699.2042844,0.7300944053941661,0.29639820272554307,0.20138895126956022,-0.0011336004641205192,0.010693848048362691,0.009418579483118404,0.9998978182416574,0.02824378584308573,0.016543723671331813,0.017301646897525187,-0.0030807379015258384,0.00364300537920509,0.0003865499669512121,0.03438156295067402,0.023854658839108603,0.012317600789850685,0.0013469945085508293,-0.001289184551122779,0.0020850769255715586,0.0,-0.24887669895577905,0.2379743015300228,0.9388443004716875,0
1731414699.3043554,0.734412136530276,0.2995123284386262,0.20240652728996741,-0.0010350022207233883,0.010561568325814273,0.009461161830583476,0.9998989291231978,0.043065947987516964,0.031060937274352156,0.010149514776800926,0.0019326500249306205,-0.002658310406221409,0.000866939514654622,0.048947372952028896,0.03366584899809786,0.010828145716286798,0.0006308289013038707,-0.0007965412062752165,0.0005897173992201188,0.0,-0.09904336624172895,0.30310609461910554,0.9477959205484378,0
1731414699.4043891,0.7385001511243161,0.3023023399069341,0.2030511704332647,-0.0011686293985843034,0.010718451197296515,0.009460112114728405,0.9998971224021184,0.04092672915278967,0.02793190705901293,0.006453777186704588,-0.0026454215909128198,0.0031666272801630212,-4.609946266273037e-05,0.05005250735763991,0.03594766445214552,0.009160191352972883,0.0013093422754319644,-0.0014613458992503321,0.0017505354603103394,0.0,-0.06771439789098449,0.2930674880354489,0.953690834481937,0
1731414699.5044804,0.7437509581963371,0.3059993773169586,0.20358909057036714,-0.0011712116995814044,0.010676009908756874,0.009438546390381207,0.9998977772340628,0.05243673473753805,0.036920147193599616,0.005371893339886929,-5.49392707647005e-05,-0.0008467354728573401,-0.0004323490299849897,0.050307669804234574,0.03985319413622196,0.001817695261542496,0.0006520031596631406,-0.0007365913268231205,0.0029762677623637827,0.0,-0.04381423126948054,0.3011280688751882,0.9525766107110568,0
1731414699.604342,0.7488928789030621,0.3108383629820847,0.20413056681999345,-0.0010453933121872046,0.01057166372234957,0.00950489828526884,0.9998983968321737,0.051483083673656754,0.04844996998251779,0.00542148910043463,0.0024852008434156896,-0.002114939543769191,0.00135262192650467,0.04534185672157933,0.044549949678856574,0.0035147695026274198,-0.004053056301067934,0.003911100836495047,0.0003717092391015029,0.0,-0.041153148017166324,0.3677714275876669,0.9290051643873712,0
1731414699.7042868,0.7525726589303781,0.3155012056664886,0.2043024462220475,-0.0010437332784563036,0.010563082075185111,0.009526271068088833,0.9998982858658443,0.03681135126778819,0.04664559802158238,0.001719426975998831,2.7050983155176625e-05,-0.00017241852007444198,0.0004277621172674809,0.032960275108836305,0.04047055283825332,-0.000662784950589576,0.0011902040605721509,-0.0009949623328153882,-0.006756987460801413,0.0,-0.016072729133542765,0.43603018490360224,0.8997885002772208,0
1731414699.804171,0.7554861589854044,0.31818790220328835,0.2038985138693352,-0.0011497750245360477,0.010652265489288009,0.009409626718114728,0.9998983279225765,0.029163814398889404,0.026893536181745163,-0.0040433183256287164,-0.002081252940623341,0.0018076578659926513,-0.00235571381530916,0.036976987371664556,0.026624326466845556,-0.005948266903509443,-0.0011400980613892582,0.001579134374082595,-0.0052732592998548985,-0.0,0.05448947951270044,0.3624287455950938,0.9304172725120712,0
1731414699.9041471,0.7594574437038897,0.321353270847876,0.20369370240298548,-0.0010192471075284903,0.010561282035872659,0.009395465598714228,0.9998995677983245,0.03967816687987322,0.03162604401836282,-0.00204632609263907,0.002593972549389565,-0.0018423431975961475,-0.0002577248857797615,0.041899240642954055,0.03453861053313087,0.0025228122652726083,-0.003616636321669429,0.004110791699132927,0.0017566306696636374,-0.0,0.0213491322492953,0.3299516136254202,0.9437564024779824,0
1731414700.0046785,0.764281032090923,0.3253248742421389,0.20443857602163007,-0.0011189221812240658,0.010685412603021777,0.009452978731166342,0.9998976003390365,0.04825295624878378,0.03973009084607115,0.00745137255657011,-0.0019827243636161497,0.002501332235775556,0.0011321460751103798,0.052623183219505286,0.041697869692885095,0.014155259093825848,-0.0015676368514659475,0.001655237984026479,0.0011463497921737464,0.0,-0.06297676321814671,0.3357867969763939,0.939830385905297,0
1731414700.1039994,0.7698433645515139,0.3299546200672627,0.2058163032676214,-0.0012487535136574766,0.010777502942502324,0.009436206606649447,0.9998966166808761,0.05550441084602428,0.04619848170007434,0.013747818857835933,-0.0025699157535224084,0.0018627123964266713,-0.00036037566572067397,0.05450424653020339,0.050107233572255244,0.013656239613207211,-3.4688015812758455e-05,-0.00011678379875841425,0.0029382781938308623,0.0,-0.09981971649889593,0.33543643494781683,0.9367595328084893,0
1731414700.204448,0.774432338978484,0.33444249770873513,0.20710941007546824,-0.0010872517026178966,0.010599116832824624,0.009514464166190605,0.9998979705838639,0.04596189249081892,0.044949335184135984,0.012951398406603113,0.0031839128680586303,-0.003605992951255844,0.0015970250896815675,0.04945305890766476,0.05424870538426091,0.009554869197694276,-0.0036115133796870433,0.003173233440420287,0.0007828309452001065,0.0,-0.1070777743063848,0.3716258752116734,0.9221868352577739,0
1731414700.3041961,0.7796516168340519,0.3399236755310904,0.2080941228425427,-0.0010449080214506548,0.010566507271840333,0.009482174148790204,0.9998986675982287,0.052149932692478904,0.05476678238281453,0.009839044010575932,0.0008467673718130491,-0.0006590593391193265,-0.0006371045869132536,0.04494849307708702,0.04827963647931437,0.0007725612179802714,-0.0031832000068332277,0.003075440177231041,-0.0030819915641443225,0.0,-0.07030451222870512,0.391333946430232,0.9175592721626348,0
1731414700.4044998,0.7844066501870196,0.3446838986726762,0.208442481250195,-0.001017993935894149,0.010531221413803124,0.009387180633362682,0.9998999639482126,0.047607926742974795,0.04765988748814798,0.003487803411822357,0.0005523729242001324,-0.0007098449553752749,-0.0018972880739354255,0.0416512615600239,0.034455980362229244,0.005335851135101233,-0.0008857258869040842,0.0012814389672455816,-0.002515394983040672,0.0,-0.027993903166668447,0.38252909288268144,0.923519265897495,0
1731414700.5043695,0.7878532217783624,0.34751740175694884,0.20871912124646327,-0.0011117375868384312,0.010626630540902043,0.009395923197377634,0.9998987725715809,0.03446574865588884,0.028335057761031467,0.002766402590765314,-0.0018586253167326365,0.001925680800136974,0.00015707647260864547,0.03976873103233959,0.03442511745782897,0.0039709254962560486,-1.7703038385161738e-06,0.00040416468942353035,0.0053509654111734304,0.0,-0.03288139396154446,0.3367898079165128,0.9410055468565018,0
1731414700.6042945,0.791854182189149,0.3501753026784115,0.20916756930962832,-0.0011905262760107287,0.01072679105666151,0.009476666120259592,0.9998968503801069,0.039915617995422426,0.026516572762069722,0.004473946188476158,-0.0015701370813325914,0.002011815506011894,0.0015966199788271886,0.03876356061289607,0.019297212040388183,0.004482285003953865,2.6708023646425437e-05,0.0001724546715823608,-0.0011016144685325226,0.0,-0.04859827772227726,0.2880364924042503,0.9563854800476034,0
1731414700.7041473,0.7957979979613874,0.35182901685526147,0.20924142731664558,-0.0010661472296630953,0.010585716235476699,0.009459582406927557,0.9998986559859719,0.03954586840870958,0.016582306831794208,0.000740597227434971,0.002471069849266603,-0.0028524899791441656,-0.000319878323254688,0.03803568525701576,0.008942631720832426,-0.004733430427703714,-0.00019170845719317531,-0.0003068565977768048,-0.002797096947496285,0.0,-0.008807342014816616,0.19720037052807557,0.9803236427783549,0
1731414700.8044627,0.7996671826005036,0.35253485082505287,0.20872990509228306,-0.0010458069100750973,0.010589675517384826,0.009474639466631173,0.9998984929818231,0.03863164669611574,0.007047357800253893,-0.005107263594765428,0.00040369502491335006,7.49199196288071e-05,0.0003050584193115273,0.037178678156255356,0.009803072780621062,0.0003737592624159485,0.004170628897361759,-0.004500743079426485,0.002268740043614305,-0.0,0.06488362748226098,0.08953094543906762,0.9938683638659246,0
1731414700.9042137,0.8033985448294829,0.3535701372302265,0.20874614259864938,-0.0010513314194088169,0.01058338973831178,0.009461319417715714,0.9998986798664999,0.037313835724933304,0.010352923270457517,0.00016237599245379954,-0.00010884402932763867,-0.00012441911135717022,-0.0002677117337096051,0.03512752459674766,0.009059124185853477,0.0010897201946672354,-0.00244430789807894,0.0025037915996211474,-0.0017092538416509928,0.0,-0.002115941417125177,0.1349102093556904,0.9908555687906907,0
1731414701.004239,0.8062380493544153,0.3545601590547616,0.20875222353096512,-0.001108503715057348,0.010663810864160659,0.009442350174238823,0.9998979429824596,0.028339802189518187,0.009880957196678088,6.0691017550019826e-05,-0.0011219570970551302,0.00161646001080796,-0.0003889503917604327,0.0315256219712628,0.015408722702659389,0.003952071020592074,0.0021315073480123814,-0.002388156344230949,-0.0011840314989826559,0.0,-0.001025471598373461,0.16695454086902065,0.9859640610545678,0
1731414701.104012,0.8096180506972297,0.3562981597906477,0.20905194945966932,-0.0010787345595282825,0.010611240730217113,0.009442017691246907,0.9998985379546433,0.03384911292039909,0.01740525437654427,0.003001613247121455,0.0005863293166328611,-0.0010585721690370173,-1.61105132699095e-06,0.03213495459603969,0.01785622639983102,0.0032272253115472192,0.0015672377364516444,-0.0016885298581519107,0.0008116112234449798,0.0,-0.040473190695893745,0.23468918927779214,0.9712275249760102,0
1731414701.2044203,0.8131608351548182,0.35808058500624973,0.2093930665909764,-0.00112185275267197,0.010632426636453508,0.009461683646524102,0.9998980795525084,0.035461951171282396,0.017841411668935075,0.0034144552678583026,-0.000863281093320394,0.0004319225879223656,0.00038502379321218085,0.037008656537054097,0.01533677825224567,0.011639082704621155,0.002910270774266761,-0.002972600598100689,-0.0011619910706719937,0.0,-0.04407703716113462,0.23031391640752547,0.972117644477315,0
1731414701.3042388,0.8167884990017625,0.35990774616481286,0.21042959227601743,-0.001059714996762593,0.01057436906680565,0.00945092004029551,0.9998988648025142,0.03629268092319199,0.01827969175777898,0.010369840631064492,0.001234506120163798,-0.0011732231258190448,-0.00020365029177699698,0.029943228646959787,0.017369724852599227,0.01009210294861762,-0.0011105015153085142,0.0012200369771758614,-0.00041234532486818937,0.0,-0.12801490545247132,0.22566142483061286,0.9657583058537019,0
1731414701.4043105,0.8192353152441587,0.3613030481157469,0.21112153391269659,-0.0011528826715590894,0.010687411451936546,0.009437399147337645,0.999897687563751,0.02441393638571609,0.013922097000471973,0.006904081642015655,-0.0018349206390862736,0.0022736884432778565,-0.0002870478916844152,0.030032807266019222,0.019516072659563094,0.014414746467615086,0.006590244064476773,-0.0070531567332666086,0.00047631815984004733,0.0,-0.12423868917549462,0.250527611288175,0.9601045068606834,0
1731414701.504326,0.8218827876244869,0.3633052073809017,0.21268927316656266,-0.0009941325766998292,0.010528022090394142,0.009520877030896985,0.9998987575509067,0.02653814758758246,0.02006955708672504,0.015714949854467485,0.003133990560117188,-0.003227557576418191,0.0017030090446932924,0.024063653022862563,0.012303147227247454,0.012040152936153854,-0.0019096176819902249,0.0020069246232318626,-0.0021873233602812663,0.0,-0.23018090620089074,0.2939639566180097,0.9276863384948717,0
1731414701.604412,0.824549963189585,0.3637892406010296,0.21360258574563876,-0.0010904118119996265,0.010630156470733728,0.009457602043568986,0.9998981770855839,0.02666059392672765,0.004838306595839138,0.009129303716466985,-0.0018919701879725375,0.002061209937064514,-0.001283160945494155,0.026063714753923065,-0.0008272152066799011,0.006184582992536135,-0.0020744428806124334,0.0022196002594907943,-0.00046313484198348687,0.0,-0.16241134219993647,0.0860740197292002,0.9829617586928152,0
1731414701.7044377,0.8269814870034228,0.3635619214304978,0.21404765749418095,-0.0011640505081457822,0.010680205159900926,0.00946161257008775,0.9998975227950764,0.024307958877012904,-0.002272511179119891,0.004449385072568087,-0.001463582454128739,0.0010145534060284314,6.566782665257873e-05,0.024477772255527587,0.0005416653735875417,0.0028923089804140157,5.271671642682711e-05,0.00010322662283156962,0.002683422173090994,0.0,-0.09010964385987046,-0.046023252579457205,0.994867886860087,0
1731414701.8042028,0.829702610544195,0.364083584035559,0.2145426413945552,-0.0010660403893884259,0.010602704616481216,0.009432919120879006,0.999898727996772,0.02724347833676887,0.005222807295274046,0.004955704129136392,0.0019538489180320395,-0.001569791839595683,-0.0005557178622197583,0.024101063765080123,0.005707320768997886,0.0019461796192619275,-0.0022033898829241956,0.0022002870972599744,0.0003056116850013689,0.0,-0.0886721279036049,0.09345138943618218,0.9916673290703358,0
1731414701.9042861,0.8317500882736154,0.36469157260275914,0.21483191446094294,-0.0011581287026444015,0.010699282921914717,0.009413435654680773,0.9998977804316,0.02047704266943429,0.006080558364173068,0.0028930507220787357,-0.0018194890727760969,0.0019495387233243802,-0.0004071420362031264,0.02448360381451109,0.012035705890034656,0.010683545587025785,0.003991174802786228,-0.004412614057724328,0.0006706799454335582,0.0,-0.0679617735725036,0.14284074855189363,0.9874095998551029,0
1731414702.0040715,0.8343372936622291,0.3659459559302105,0.21573368313511537,-0.0010864123294129064,0.010593514860421989,0.00941208924027891,0.9998989997631189,0.02575247381910619,0.01248585595155401,0.008976007190893889,0.0014080477454471022,-0.002119036054286481,-1.4342657352197775e-05,0.023282649603284886,0.01375389980214821,0.001355297103876111,-0.0036720627611390813,0.0038161280246465463,0.000983217662494252,0.0,-0.15521707055813652,0.21591092152613206,0.963996957968793,0
1731414702.1043882,0.8369442562669853,0.36768256299265234,0.2164993082131436,-0.0010063800692459407,0.010534799486676025,0.009478583193749768,0.9998990757369319,0.0261787524388914,0.01743876428773939,0.007688299533771671,0.001581858306676582,-0.0011958058760573452,0.0013509487846865632,0.024983878215622958,0.01822105134476813,0.011952980273633784,0.000809723106479553,-0.0007963883939602974,0.0032403119111970727,0.0,-0.12484397818981642,0.2831737627849481,0.9509083032448263,0
1731414702.2045307,0.8391491238973422,0.36895380664366134,0.21730961899112752,-0.0010998461866419033,0.010638770096735221,0.009497693151440884,0.9998976951338551,0.02205053736892271,0.012713509530294377,0.008103791739862204,-0.0018535962140600799,0.00209703790932153,0.00036465850725810284,0.03062949945115989,0.00505115698006402,0.016922152086924398,-0.0008620230666060199,0.0008939144275609101,-0.003059272512174631,0.0,-0.15877309769039674,0.2490887420899519,0.9553773610536526,0
1731414702.3044636,0.8423409409755288,0.36942629337932364,0.2191577892746984,-0.0010844965405335703,0.010647064500174407,0.009420283886377773,0.9998983559023802,0.03192322454754422,0.004725615468807898,0.01848462913734745,0.00032506114459647663,0.0001645686989927242,-0.0015449458596993742,0.029129750444187277,0.004780003211069677,0.017722716487031876,0.0008638532207720592,-0.0007467885272497846,-0.0004617700277460904,0.0,-0.257810722126401,0.06590959047393058,0.9639447896224257,0
1731414702.4043832,0.8454956180195465,0.3699180404225911,0.22105029128246972,-0.0011175806706479876,0.010636386312165753,0.00942583373129451,0.9998983808158373,0.031541761923801405,0.0049166897115150284,0.018922015450879848,-0.0006647039556432029,-0.00020739811554088005,0.00010369476529233783,0.029011908257010905,0.0037655322607188803,0.01941191845965951,0.0009350354681875619,-0.0010395861913143195,0.0005077057893500582,0.0,-0.26508642778078717,0.06887996236529148,0.9617612679823292,0
1731414702.5041091,0.8478214580308109,0.37001066137098115,0.22250855240798792,-0.0009984652267788015,0.010555116938129641,0.009477313772589188,0.9998988814361526,0.023236982121482452,0.000925356564248365,0.014569182548243588,0.0023535500163941628,-0.0016475401570784788,0.0010517608257281646,0.026744943808098054,-0.001504389459030568,0.013637385085338169,-0.002392233706188649,0.0028083361415542885,-0.00045380539412552545,0.0,-0.27624590272861055,0.017545662468719116,0.9609268187298078,0
1731414702.6040883,0.8502075033720071,0.3693314222776501,0.2238622483881531,-0.0011185909725583598,0.010662700272865687,0.009481979092700975,0.9998975685787083,0.023870720208724185,-0.006795313597688999,0.01354278455328824,-0.0023839087533285147,0.002175346478483702,7.010643827054243e-05,0.021839033254936042,-0.008700892976332197,0.015175083024410533,0.0002501796007801365,-0.0008440774289748751,-0.0011946433935041065,0.0,-0.24940163960532116,-0.12514135082245514,0.9602804092953832,0
1731414702.704276,0.8524201360919343,0.36810940723741814,0.22461936781004532,-0.0010697134962893181,0.010626837980827662,0.009498477442322009,0.9998978472593302,0.022122920048355563,-0.012218268666762127,0.007570028358854614,0.0009669751186276818,-0.0007267744901411033,0.0003394139354550045,0.01971635207945209,-0.016310601782787745,0.0026989557963382573,-0.0008785117993120423,0.0008076653340825748,-0.0032523547715689466,0.0,-0.14963546210765766,-0.24151643711716486,0.9587904041457957,0
1731414702.804576,0.8540716909958569,0.36641650845390994,0.22489192346017758,-0.0010704262120664818,0.01059034045931007,0.009448161616111884,0.9998987104295896,0.01652939736834067,-0.016943182833660052,0.0027278418872557554,-1.0445890372216908e-05,-0.0007294591222726901,-0.0010081542707936807,0.01875116304047045,-0.02073543278189851,0.002578437346697324,-0.0010182997718994448,0.001172325859016625,-0.0006986045173439787,0.0,-0.06220295302821264,-0.3863552396032851,0.9202501950370117,0
1731414702.9043386,0.8560820150901892,0.3643762433964212,0.2251596889523036,-0.0010583699819781416,0.010585862465569144,0.009436979758136115,0.9998988762779395,0.020109397033036998,-0.020408898350939387,0.0026784748827759614,0.00024270125786481718,-9.165010181146191e-05,-0.00022125696717296904,0.019164123983511857,-0.016768710702559766,-0.0014130579802165192,-0.001090568098634525,0.0011638144135327738,-0.0013866750862071633,0.0,-0.05049660304949738,-0.3847637494501493,0.9216327631923271,0
1731414703.0043347,0.8582148196480174,0.3625817110154603,0.2250755801459798,-0.001091723742918092,0.01059530547079859,0.009434217607341082,0.9998987664655793,0.021314852963188573,-0.01793422360125369,-0.0008405678022023541,-0.0006642325082455419,0.00019509508315503608,-6.204647067861035e-05,0.02092415720032827,-0.01763204489863015,-0.0017481901166978052,-0.001837808802612286,0.0022992205149642924,7.825064917999641e-05,0.0,0.016054217079853713,-0.34253027310680895,0.9393696152842755,0
1731414703.1040184,0.860630354028612,0.36078071225277275,0.2250290939241869,-0.001086671633104492,0.010640842975275672,0.009424842221307232,0.9998983768136843,0.02397286832546969,-0.01787393569683484,-0.0004613505330093843,0.00011075093423057385,0.0009031186345429374,-0.00018394513528959176,0.025328271832768378,-0.0154762623681435,0.0025610081160847404,0.0022894937153350326,-0.002464617634842704,0.0005095200013462559,0.0,0.008126880166189373,-0.3148567588267998,0.9491044069225718,0
1731414703.20503,0.8627484308331163,0.359521532755643,0.22506873794000332,-0.0011677974768457451,0.010711353106376362,0.009418404239635957,0.9998975931690518,0.021299006069395932,-0.012662086518671817,0.000398653217717736,-0.00161669308783163,0.001433604792567144,-0.00014525230165710995,0.02659854145812602,-0.011709876086216365,0.002294468438219783,0.0005215201273410245,-0.000507049610752155,0.000157835933991754,0.0,-0.008341699161586407,-0.2649503673930589,0.9642259687818933,0
1731414703.304123,0.8654696229134055,0.35854264483762605,0.22554748670892721,-0.0010574902946307715,0.010581994555080876,0.009442616781948675,0.99989886493276,0.027229280285952732,-0.00979512386548776,0.004790541803354871,0.0021777160281772575,-0.002610241393284634,0.0005046090425336508,0.023099241706598345,-0.006072105568913008,0.0031295561301165073,-0.0011412890413175626,0.0013855726504911695,0.002820625587992863,0.0,-0.08316615318982314,-0.17004815015703612,0.9819200668036971,0
1731414703.4043539,0.8679950769033761,0.3577858189199113,0.22589158600764397,-0.0011062801401852198,0.010604246022626376,0.009455987941579301,0.9998984500450991,0.025287240853833524,-0.007578058971448237,0.003445448572352396,-0.0009755903947906303,0.0004546038629268619,0.0002579306689931515,0.022962362667761044,-0.0039520339650361115,0.00269093512780509,-0.0003195961999315389,0.0005155667130472098,0.003847991078913867,0.0,-0.06553682086795769,-0.14414433502907814,0.9873840872677391,0
1731414703.504009,0.8698351888336052,0.357775081057932,0.2260867902508128,-0.0011316888731362689,0.010684713844091016,0.009460710828002249,0.999897520309453,0.01836278533525347,-0.00010715492424473746,0.0019479758567693948,-0.0004928909281993849,0.0016107306825999975,9.0786171994255e-05,0.020088270627686786,0.004097380983920043,0.0024162690587880772,0.0002810403101842072,-0.0006361604197397549,0.001076377254382109,0.0,-0.052818510999233306,-0.0029054587741292994,0.9985999014646134,0
1731414703.6041653,0.8718803686513387,0.3583395834680361,0.22626537069238506,-0.0010510316759116942,0.010565531492082838,0.00948323785620208,0.9998986614034787,0.020473588217274092,0.005651038501318349,0.0017877070723597375,0.0015872731707007254,-0.0024020112799189343,0.0004651217231879472,0.018073030952716045,0.0047380337280418655,-0.002942122032546621,-0.0022620998740255876,0.002554691324318515,0.00013339019239003505,0.0,-0.04235660372883014,0.1338915094969976,0.9900903907245915,0
1731414703.7042286,0.87331902197847,0.3595045546762272,0.2262421409118595,-0.00103264847778528,0.010555940398670081,0.009485682373095041,0.9998987586697654,0.014401998713611964,0.011662235456833868,-0.0002325475240887333,0.0003656852780105866,-0.00019557198559451845,5.260280850645746e-05,0.01232736714698708,0.01018300204887777,-0.000732034327541966,-0.0019019846463967669,0.0020905602392709798,-0.001714126180045154,-0.0,0.006655664651242306,0.33378092752729704,0.9426271768557638,0
1731414703.8047516,0.8746074657261782,0.360397651578573,0.22570936568501146,-0.0011165792775637783,0.010671150525027718,0.009491296479726956,0.9998973922799894,0.012888198511171541,0.008933576019611957,-0.00532930746698555,-0.0016582752593324761,0.0023207498819236482,9.7026053977975e-05,0.012834989600343075,0.008952594687326558,-0.0033534678883682684,0.0013983890641206089,-0.0014566573475574345,0.0016053946327533606,-0.0,0.17062603936626422,0.2860222839546586,0.9429093316812295,0
1731414703.9044974,0.8757001444315734,0.36080464859093825,0.22537157317898104,-0.0011493097872428322,0.010713481951363952,0.00948622950563565,0.9998969506110403,0.01092742281141117,0.004070206928291488,-0.0033781215994188084,-0.0006454780087614018,0.0008530083369461389,-0.00010731913012009767,0.012579382153775241,-0.004019467698716237,0.00018926668914681877,0.0009537146203999336,-0.0014935286125161303,-0.006529925636102293,-0.0,0.1427391929952004,0.17198257527726513,0.9747038096694189,0
1731414704.0044239,0.877052906521655,0.36044673968639845,0.2255620656653819,-0.0010473017713656624,0.010582564993338744,0.009365614199707821,0.9998995938332127,0.013521766381625909,-0.0035775400778704273,0.0019041004456385577,0.0020404488560560427,-0.0026338319710400007,-0.0023929439869229425,0.014418736151292738,-0.005116338484321667,0.001583379620639057,-0.001680445471616075,0.0020230167536634124,0.0005150846746665404,0.0,-0.06816581859318512,-0.12807409846290024,0.9894192470729667,0
1731414704.1043177,0.8786924100041779,0.35990502193464874,0.2257300240270654,-0.0010517205895431518,0.010573189906357593,0.009479522966060961,0.9998986149522068,0.016392431870971624,-0.005416317460447607,0.0016793169580953471,-0.00011425635635430953,-0.0001887909829460092,0.0022766378977296248,0.017280068435575887,-0.010150885600551872,-0.0016371638704864961,-0.0020962660738751593,0.0025773171149033013,0.0008781306957903606,0.0,-0.049086708788213564,-0.15831984343625782,0.986166984944568,0
1731414704.2042947,0.8804367111301536,0.358988568261438,0.22573820702805147,-0.0011292660244500603,0.010625499202473064,0.009416941707736649,0.9998985672226047,0.017430062292180408,-0.0091577333604167,8.176926265775173e-05,-0.0015265346493628516,0.001061223027152578,-0.0012659276343612396,0.013836162449586688,0.0013044232581612572,0.004190972380857807,0.002055050064109096,-0.0027520061385777595,-0.001142810210105481,0.0,-0.002138728736253396,-0.2395265269646262,0.9708874644981554,0
1731414704.3043425,0.8813858639841479,0.3592203082748757,0.2259531470593299,-0.0011045631598484967,0.010642130893834506,0.009437270965018445,0.9998982262745529,0.009498444642439673,0.0023190887324560754,0.002150966496018957,0.0004931775503167146,0.00032778940608539224,0.00041254181120692807,0.008132882861602912,0.0014877795654373578,0.004501360538210067,0.0012073098068246769,-0.00152850661398273,0.001962252458755637,0.0,-0.10883009467729797,0.11733639123871561,0.9871110280933981,0
1731414704.4042645,0.8822237102983248,0.3593687662396692,0.2262927565916968,-0.0011062836760875325,0.010636235174529043,0.009505859545112898,0.9998976373969731,0.008370388729984884,0.001483148943138072,0.0033928224714001014,-5.00910314824609e-05,-0.00011884943178648638,0.0013699255108582322,0.008843290318436144,-0.0018794789196547677,0.0005547701977848666,-0.002421932151578592,0.002927498979771014,-0.0021195553117620766,0.0,-0.18943548323448212,0.08281041496289346,0.9783949268395619,0
1731414704.5044498,0.8832953432687987,0.358930283854348,0.22583409074398775,-0.0010420603170176474,0.010606656655171697,0.0094120282906746,0.9998989082244016,0.010713811102024707,-0.004383793311080248,-0.004585580498826724,0.0012984515041047447,-0.000601651596428422,-0.0018632682178406496,0.009075262599296908,-0.0026495733740926645,-0.006626308530371939,0.0005782524823184276,-0.0007996516885630872,0.001980606663680143,0.0,0.19092333612208373,-0.18252180809720053,0.9644864277391064,0
1731414704.6044846,0.8841854976518899,0.3586012523173999,0.22522630452151923,-0.0010610665858444268,0.010562242167179249,0.009403723967016489,0.9998994365203204,0.008915113168061152,-0.003295331061075588,-0.006087127197507387,-0.0003872567854240956,-0.0008859129284491542,-0.00017137037535578308,0.007634405041207139,-0.002836152041210568,-0.004333742325805545,0.000573029199656119,-0.0007490579051725322,0.0006932548664308445,0.0,0.2850467513323806,-0.15431309106025023,0.9460104753554724,0
1731414704.7043393,0.8847716440813037,0.35833062629462564,0.22498865659315315,-0.0010630207837195953,0.010619437464002988,0.00941150148313285,0.9998987554620691,0.00586299353874263,-0.0027069662857590994,-0.0023770993024719235,-2.997933340786504e-05,0.0011444359952265742,0.00015650282177628814,0.008668137223542042,-0.007385502321436728,-0.0007144981794105251,-0.00048542847241083494,0.0003409186537687632,-0.0037084575641359845,0.0,0.17948858266701823,-0.20439598019866156,0.9622921240303348,0
1731414704.8046596,0.8859178970747423,0.3574522995052808,0.2251878415500334,-0.0010305004692213176,0.010574202278051448,0.009468544803922832,0.9998987303593608,0.011466368186472974,-0.008786208989045514,0.0019925165437904746,0.0006298684832768843,-0.0009122823358622585,0.0011470561207475487,0.013380631546524734,-0.012624545953398347,0.00025418624670882703,-0.001915429924216751,0.002190512790698548,0.00019893861052723907,0.0,-0.0722902613462373,-0.3187714280416787,0.9450708411430127,0
1731414704.9042249,0.8873901599024668,0.35605217278676643,0.22561903739034073,-0.0010502948370344272,0.010588725959229167,0.009416149869985445,0.9998990508471051,0.014722221060610483,-0.014000879920804996,0.004311839137602644,-0.0003820145615532658,0.0002951765128255376,-0.001051716657962135,0.013839357940068553,-0.0124261049883076,0.010295965893900768,0.0001768587536094149,-5.086078723422801e-05,-0.0002895930281717231,0.0,-0.11229894769278365,-0.36464349241785615,0.9243506205896128,0
1731414705.004081,0.8886548715372866,0.35490218903320697,0.22699641554482064,-0.001100494625211964,0.010606633308818865,0.009427560392357195,0.9998986995423489,0.012637065331915425,-0.011490698293799626,0.013762835136245172,-0.0010021448129804746,0.0003671182612792544,0.0002178070332370233,0.0077815275764575535,-0.006829155510642191,0.022860422714923535,0.0021780969917762306,-0.0027309768025929313,9.530479622015496e-05,0.0,-0.3533949434494544,-0.29505219190178655,0.8877253054849277,0
1731414705.1041296,0.8889096591192763,0.35472223072539877,0.22922826099036137,-0.0010806414733533982,0.010613201743147468,0.009468883222118132,0.9998982610312369,0.002547404524586034,-0.0017992501988027538,0.022314326081938837,0.000389418947570302,0.0001267559238821903,0.0008306604180569615,0.0009570914363432125,0.0008188761832834442,0.015774959133962645,0.00019262970383454402,-0.00032660855169180025,0.003226272098687938,0.0,-0.6637807135395601,-0.05352200986989059,0.7460097578399358,0
1731414705.2042575,0.888960896222153,0.35477290382680293,0.22982561707793864,-0.0011342928365153458,0.010699149765195416,0.009549433634075167,0.9998965195915682,0.0005114009727177798,0.0005057716360560699,0.00596225131973437,-0.0010716060263141836,0.0017243897068993839,0.0015985185516522212,0.0005842991251969314,-0.001296224946207796,-0.00018075107338022005,-0.00023593313475969615,0.00020085605754577307,-0.0009833532065519185,0.0,-0.6739095342982467,0.057167051410203513,0.7365988513532881,0
1731414705.304477,0.8890309852298937,0.35457382123519554,0.229838585928611,-0.001200032325773166,0.010725710841428138,0.009443974177860961,0.9998971599125037,0.0006999512048572454,-0.001988159118721607,0.000129514783364162,-0.0012853336779631646,0.0005451097035959763,-0.0021197495613589296,0.0007101225263049793,-0.0016779955373807595,-5.715368597348142e-05,-0.00046924543377463456,0.0005874205009189193,-0.002096737688709912,0.0,-0.03758363225295214,-0.5769398615159375,0.8159214832204418,0
1731414705.4045372,0.8890291497347022,0.35455938054305514,0.22988397018677498,-0.0011606287851541686,0.01071328150202584,0.009446338215054684,0.9998973173454403,-1.8420318626128045e-05,-0.00014492119164313867,0.00045545883195998837,0.0007879341486900759,-0.000257008453785708,5.558765911501353e-05,4.3486276083303005e-05,-3.5152284920523892e-06,0.0017815949810042339,0.0015779712014328284,-0.001966071766914219,-3.784411934265902e-05,0.0,-0.6866713618914849,-0.2184900699022411,0.6933574331556611,0
1731414705.5045612,0.8890264730263059,0.35460689246692645,0.23008431043322186,-0.0011021392823901946,0.010620907951794701,0.00949414075783749,0.9998979162367286,-2.676181349110432e-05,0.0004750256871543005,0.0020030079920748804,0.001141674896315467,-0.001859258482065997,0.0009659312017473885,-3.7979888829315376e-06,-3.0727079025427117e-06,5.549900720382702e-05,4.3172680891121486e-05,-5.382432475380374e-05,-2.55331765455714e-08,0.0,-0.6924805932978233,0.16422603952347029,0.7024958618015699,0
1731414705.6042473,0.8890324128763913,0.35459185739704663,0.23004301773258798,-0.0011017510474196782,0.01061959230621541,0.00946297790680133,0.9998982260475386,5.936359862039545e-05,-0.00015026235355006105,-0.00041268437268874707,1.413296624036821e-05,-2.5747259537752085e-05,-0.0006228325865118638,-6.466937737341983e-07,-5.231176630823487e-07,9.387556965670733e-06,7.2726980647218885e-06,-9.068680429293412e-06,-4.552566989297794e-09,0.0,0.6183342133063241,-0.22514144057984395,0.7529768471795676,1
